"","Additional Contact Info","BusinessEntityID (Person)","First Name","Last Name","Middle Name","ModifiedDate (Person)","Name Style","rowguid (Person)","Suffix","Title","Email Promotion","Customer.ID","Addr.ID","AddressLine1","AddressLine2","City","Country Region Code","Is Only State Province Flag","Modified Date","ModifiedDate (StateProvince)","Name","Postal Code","Rowguid","rowguid (StateProvince)","Spatial Location","State Province Code","State Province ID","StateProvinceID (StateProvince)","Territory ID","Number of Records"
"1",NA,1,"Ken","Sánchez","J",2003-02-08,FALSE,"92C4279F-1207-48A3-8448-4636514EB7E2",NA,NA,0,11011,10,"250 Race Court",NA,"Bothell","US",FALSE,2003-01-03 00:00:00,2008-03-11 10:17:22,"Washington","98011","0B6B739D-8EB6-4378-8D55-FE196AF34C04","16274DF0-6F05-43A6-BC18-AD171017A1EB","#Error","WA",79,79,1,1
"2",NA,2,"Terri","Duffy","Lee",2002-02-24,FALSE,"D8763459-8AA8-47CC-AFF7-C9079AF79033",NA,NA,1,11022,20,"6872 Thornwood Dr.",NA,"Bothell","US",FALSE,2003-03-09 00:00:00,2008-03-11 10:17:22,"Washington","98011","4B1F1ED4-97A4-43FD-BB1E-9E05817718E8","16274DF0-6F05-43A6-BC18-AD171017A1EB","#Error","WA",79,79,1,1
"3",NA,3,"Roberto","Tamburello",NA,2001-12-05,FALSE,"E1A2555E-0828-434B-A33B-6F38136A37DE",NA,NA,0,11057,30,"9707 Coldwater Drive",NA,"Orlando","US",FALSE,2005-08-01 00:00:00,2008-03-11 10:17:22,"Florida","32804","7431591F-36C1-4A65-B722-0E006DB73557","EE8BA90D-B2C3-418E-93DF-20E33F095959","#Error","FL",15,15,5,1
"4",NA,4,"Rob","Walters",NA,2001-12-29,FALSE,"F2D7CE06-38B3-4357-805B-F4B6B71C01FF",NA,NA,0,11058,40,"1902 Santa Cruz",NA,"Bothell","US",FALSE,2004-03-04 00:00:00,2008-03-11 10:17:22,"Washington","98011","5A0C5C47-18BE-420B-89BA-D39878160D80","16274DF0-6F05-43A6-BC18-AD171017A1EB","#Error","WA",79,79,1,1
"5",NA,5,"Gail","Erickson","A",2002-01-30,FALSE,"F3A3F6B4-AE3B-430C-A754-9F2231BA6FEF",NA,"Ms.",0,11072,50,"25 95th Ave NE",NA,"Kenmore","US",FALSE,2003-03-10 00:00:00,2008-03-11 10:17:22,"Washington","98028","8AD42881-A81B-4A4D-95C2-6D34A55F3BC9","16274DF0-6F05-43A6-BC18-AD171017A1EB","#Error","WA",79,79,1,1
"6",NA,6,"Jossef","Goldberg","H",2002-02-17,FALSE,"0DEA28FD-EFFE-482A-AFD3-B7E8F199D56F",NA,"Mr.",0,11175,60,"4852 Chaparral Court",NA,"Snohomish","US",FALSE,2004-01-26 00:00:00,2008-03-11 10:17:22,"Washington","98296","5457D27A-52B3-4150-87EA-96B42645AB01","16274DF0-6F05-43A6-BC18-AD171017A1EB","#Error","WA",79,79,1,1
"7",NA,7,"Dylan","Miller","A",2003-03-05,FALSE,"C45E8AB8-01BE-4B76-B215-820C8368181A",NA,NA,2,11241,70,"1792 Belmont Rd.",NA,"Monroe","US",FALSE,2003-01-03 00:00:00,2008-03-11 10:17:22,"Washington","98272","5F659DE9-3A31-41D5-BB92-EA0D34486C83","16274DF0-6F05-43A6-BC18-AD171017A1EB","#Error","WA",79,79,1,1
"8",NA,8,"Diane","Margheim","L",2003-01-23,FALSE,"A948E590-4A56-45A9-BC9A-160A1CC9D990",NA,NA,0,11252,80,"3977 Central Avenue",NA,"Duvall","US",FALSE,2003-03-06 00:00:00,2008-03-11 10:17:22,"Washington","98019","30A7AD1E-78F0-4F04-83EE-2CD1C37D59A5","16274DF0-6F05-43A6-BC18-AD171017A1EB","#Error","WA",79,79,1,1
"9",NA,9,"Gigi","Matthew","N",2003-02-10,FALSE,"5FC28C0E-6D36-4252-9846-05CAA0B1F6C5",NA,NA,0,11338,90,"9752 Jeanne Circle",NA,"Carnation","US",FALSE,2004-02-10 00:00:00,2008-03-11 10:17:22,"Washington","98014","5582D57F-9E56-4D15-8633-633206D2A182","16274DF0-6F05-43A6-BC18-AD171017A1EB","#Error","WA",79,79,1,1
"10",NA,10,"Michael","Raheem",NA,2003-05-28,FALSE,"CA2C740E-75B2-420C-9D4B-E3CBC6609604",NA,NA,2,11345,100,"5125 Cotton Ct.",NA,"Seattle","US",FALSE,2003-03-07 00:00:00,2008-03-11 10:17:22,"Washington","98104","AB6BCC20-67D3-4A26-BA02-CDC917C2DEE4","16274DF0-6F05-43A6-BC18-AD171017A1EB","#Error","WA",79,79,1,1
"11",NA,11,"Ovidiu","Cracium","V",2004-12-29,FALSE,"D2CC2577-EF6B-4408-BD8C-747337FE5645",NA,NA,0,11394,110,"1064 Slow Creek Road",NA,"Seattle","US",FALSE,2003-01-09 00:00:00,2008-03-11 10:17:22,"Washington","98104","184AD4A1-45B8-4910-A2B2-A9E2A658B07C","16274DF0-6F05-43A6-BC18-AD171017A1EB","#Error","WA",79,79,1,1
"12",NA,12,"Thierry","D'Hers","B",2002-01-04,FALSE,"FA263C7F-600D-4E89-8DCD-0978F3530F5F",NA,NA,2,11402,120,"6498 Mining Rd.",NA,"Seattle","US",FALSE,2003-03-12 00:00:00,2008-03-11 10:17:22,"Washington","98104","FB839852-9026-4C74-A7F2-E53030B7A434","16274DF0-6F05-43A6-BC18-AD171017A1EB","#Error","WA",79,79,1,1
"13",NA,13,"Janice","Galvin","M",2005-01-16,FALSE,"34EB99E0-7042-4DC1-A2FD-BDA290FF0E07",NA,"Ms.",2,11420,130,"5376 Catanzaro Way",NA,"Seattle","US",FALSE,2003-03-29 00:00:00,2008-03-11 10:17:22,"Washington","98104","AD7C7F01-B283-41F1-B8F1-3AEBFE50FD18","16274DF0-6F05-43A6-BC18-AD171017A1EB","#Error","WA",79,79,1,1
"14",NA,14,"Michael","Sullivan","I",2005-01-23,FALSE,"9A7501DE-5CAF-4700-AB07-CC81102BB696",NA,NA,2,11483,140,"371 Apple Dr.",NA,"Edmonds","US",FALSE,2003-02-08 00:00:00,2008-03-11 10:17:22,"Washington","98020","88FA21D3-2523-4CF1-BCFD-151E734F8961","16274DF0-6F05-43A6-BC18-AD171017A1EB","#Error","WA",79,79,1,1
"15",NA,15,"Sharon","Salavaria","B",2005-02-11,FALSE,"BEBA63CB-13F1-4B76-A3DE-FE9AC283A94C",NA,NA,2,11488,150,"7338 Green St.",NA,"Edmonds","US",FALSE,2003-03-23 00:00:00,2008-03-11 10:17:22,"Washington","98020","A1D9A607-D8E3-4402-9C5C-03D1131ED99B","16274DF0-6F05-43A6-BC18-AD171017A1EB","#Error","WA",79,79,1,1
"16",NA,16,"David","Bradley","M",2002-01-13,FALSE,"2CC8BA72-5DBB-497F-B941-775517993638",NA,NA,1,11550,160,"3454 Bel Air Drive",NA,"Bellevue","US",FALSE,2003-01-31 00:00:00,2008-03-11 10:17:22,"Washington","98004","F5C14AE9-EDCF-49E4-9E4D-8F24731C64AA","16274DF0-6F05-43A6-BC18-AD171017A1EB","#Error","WA",79,79,1,1
"17",NA,17,"Kevin","Brown","F",2001-02-19,FALSE,"9EE4713E-B3D8-4409-BC5E-DEC62497F43A",NA,NA,2,11571,170,"7902 Grammercy Lane","Unit A","Bellevue","US",FALSE,2004-01-05 00:00:00,2008-03-11 10:17:22,"Washington","98004","5C44745C-D11A-4F11-B9BC-345D4E064780","16274DF0-6F05-43A6-BC18-AD171017A1EB","#Error","WA",79,79,1,1
"18",NA,18,"John","Wood","L",2005-03-03,FALSE,"FE21BDA7-9327-4D13-89CC-8CA5CEE8F21E",NA,NA,2,11616,180,"2947 Vine Lane",NA,"Bellevue","US",FALSE,2004-02-25 00:00:00,2008-03-11 10:17:22,"Washington","98004","7635D2DA-AD3F-47F8-AFE0-6A5A25127D03","16274DF0-6F05-43A6-BC18-AD171017A1EB","#Error","WA",79,79,1,1
"19",NA,19,"Mary","Dempsey","A",2005-03-10,FALSE,"36F04305-6769-4E61-9143-048B2B7AFA20",NA,NA,1,12053,190,"9435 Breck Court",NA,"Bellevue","US",FALSE,2002-01-30 00:00:00,2008-03-11 10:17:22,"Washington","98004","EB974CAF-85E9-4424-BF5E-637C0942EF04","16274DF0-6F05-43A6-BC18-AD171017A1EB","#Error","WA",79,79,1,1
"20",NA,20,"Wanida","Benshoof","M",2005-01-31,FALSE,"1E7E56F4-A583-4E3F-A3FE-BA8A71096D10",NA,NA,2,12124,200,"2473 Orchard Way",NA,"Sammamish","US",FALSE,2003-02-10 00:00:00,2008-03-11 10:17:22,"Washington","98074","6D1B4FA9-5D00-4481-9561-0AEA008915F7","16274DF0-6F05-43A6-BC18-AD171017A1EB","#Error","WA",79,79,1,1
"21",NA,21,"Terry","Eminhizer","J",2003-03-27,FALSE,"6A288FE0-D9CB-4DA2-BEEA-51370220490C",NA,NA,2,12204,210,"2383 Pepper Drive",NA,"Redmond","US",FALSE,2003-01-05 00:00:00,2008-03-11 10:17:22,"Washington","98052","D5CAA1D5-CB10-4CF3-91B7-0FF37611AEDB","16274DF0-6F05-43A6-BC18-AD171017A1EB","#Error","WA",79,79,1,1
"22",NA,22,"Sariya","Harnpadoungsataya","E",2003-01-06,FALSE,"276E0EB5-0CE7-443F-987F-B7EF293C0930",NA,NA,0,12301,220,"4909 Poco Lane",NA,"Redmond","US",FALSE,2003-01-08 00:00:00,2008-03-11 10:17:22,"Washington","98052","5C0CAC7C-FD6C-44AE-8C34-CC64EC495034","16274DF0-6F05-43A6-BC18-AD171017A1EB","#Error","WA",79,79,1,1
"23",NA,23,"Mary","Gibson","E",2003-02-06,FALSE,"B10CF8EB-5589-4A81-B1BD-051C5759CE06",NA,NA,0,12302,230,"475 Santa Maria",NA,"Everett","US",FALSE,2003-01-23 00:00:00,2008-03-11 10:17:22,"Washington","98201","CA464447-6AAF-406A-BC38-846389D8AEFA","16274DF0-6F05-43A6-BC18-AD171017A1EB","#Error","WA",79,79,1,1
"24",NA,24,"Jill","Williams","A",2003-02-12,FALSE,"3F605060-96AD-4201-9BE2-BFE7A3C4E468",NA,"Ms.",0,12386,240,"2176 Apollo Way",NA,"Everett","US",FALSE,2002-01-30 00:00:00,2008-03-11 10:17:22,"Washington","98201","1DCCF2C8-B08D-42C1-836F-C1EE9CCFFF6F","16274DF0-6F05-43A6-BC18-AD171017A1EB","#Error","WA",79,79,1,1
"25",NA,25,"James","Hamilton","R",2003-02-28,FALSE,"423FE59B-7975-4A7E-B8D2-87105C286D4C",NA,NA,0,12388,250,"9297 Kenston Dr.",NA,"Newport Hills","US",FALSE,2003-01-06 00:00:00,2008-03-11 10:17:22,"Washington","98006","2ED694B4-9069-4DAF-95EB-AB1C7B969A80","16274DF0-6F05-43A6-BC18-AD171017A1EB","#Error","WA",79,79,1,1
"26",NA,26,"Peter","Krebs","J",2002-12-26,FALSE,"6F32F507-290E-4A96-A045-F445EAE4337F",NA,NA,0,12492,260,"3884 Beauty Street","# 14","Gold Bar","US",FALSE,2003-03-08 00:00:00,2008-03-11 10:17:22,"Washington","98251","9F9D6796-675A-4619-8F37-EDA885DB931E","16274DF0-6F05-43A6-BC18-AD171017A1EB","#Error","WA",79,79,1,1
"27",NA,27,"Jo","Brown","A",2002-03-23,FALSE,"EDD8ADD6-F7FD-4086-BFDC-B4FD3E6AD8D7",NA,NA,0,12560,270,"6580 Poor Ridge Court",NA,"Issaquah","US",FALSE,2002-12-29 00:00:00,2008-03-11 10:17:22,"Washington","98027","7AB40626-3D83-4073-A8FC-E82D788EC400","16274DF0-6F05-43A6-BC18-AD171017A1EB","#Error","WA",79,79,1,1
"28",NA,28,"Guy","Gilbert","R",2000-07-24,FALSE,"D366A33A-8EDE-42BD-BF79-3E7FB9713FE1",NA,NA,0,12624,280,"8585 Los Gatos Ct.",NA,"Issaquah","US",FALSE,2003-02-09 00:00:00,2008-03-11 10:17:22,"Washington","98027","3D6BDBC8-B41E-4456-A5AE-BC2E1ADFF557","16274DF0-6F05-43A6-BC18-AD171017A1EB","#Error","WA",79,79,1,1
"29",NA,29,"Mark","McArthur","K",2003-02-17,FALSE,"667FA3BA-B877-4BCC-A752-E461040E2DDD",NA,NA,1,12742,290,"5297 Algiers Drive",NA,"Renton","US",FALSE,2008-06-27 00:00:00,2008-03-11 10:17:22,"Washington","98055","8D5152A1-C841-4B1A-8B1E-5DF6968CE4A3","16274DF0-6F05-43A6-BC18-AD171017A1EB","#Error","WA",79,79,1,1
"30",NA,30,"Britta","Simon","L",2003-02-23,FALSE,"5090C9A8-E39E-4A4D-9133-14E7CF07998B",NA,NA,0,12806,300,"5009 Orange Street",NA,"Renton","US",FALSE,2006-05-11 00:00:00,2008-03-11 10:17:22,"Washington","98055","85710CCD-79E2-4667-A36A-6C808BC59A18","16274DF0-6F05-43A6-BC18-AD171017A1EB","#Error","WA",79,79,1,1
"31",NA,31,"Margie","Shoop","W",2003-01-29,FALSE,"5EA8A3DA-7BEA-4ADC-85F5-C934E2033825",NA,NA,2,12813,310,"2472 Alexander Place",NA,"West Covina","US",FALSE,2006-01-23 00:00:00,2008-03-11 10:17:22,"Idaho","83301","482A0800-62F7-4F19-966D-DB43140CA308","628E983A-33C7-4CB4-867F-274EF12B3597","#Error","ID",23,23,1,1
"32",NA,32,"Rebecca","Laszlo","A",2003-01-23,FALSE,"686BD5AF-6F30-4633-944B-3C1916CB4CA2",NA,NA,1,13111,320,"3 Gehringer Drive",NA,"Daly City","US",FALSE,2006-01-24 00:00:00,2008-03-11 10:17:22,"California","94015","D792D26A-DF82-4EF1-ACEA-3811B1F0396C","3B2FF23C-1C75-40AE-9093-F4EB42263F4E","#Error","CA",9,9,4,1
"33",NA,33,"Annik","Stahl","O",2003-01-11,FALSE,"BFA2BDC8-208A-447B-8A4E-72A215E9E134",NA,NA,0,13115,330,"67 Monetary Way",NA,"Berkeley","US",FALSE,2006-02-17 00:00:00,2008-03-11 10:17:22,"California","94704","33439525-0987-4B44-A1DF-66EFB071324A","3B2FF23C-1C75-40AE-9093-F4EB42263F4E","#Error","CA",9,9,4,1
"34",NA,34,"Suchitra","Mohan","O",2003-03-13,FALSE,"7E239D8B-00BF-42D6-AC6B-4EA718DBC2B3",NA,NA,2,13650,340,"8629 Pepper Place",NA,"Bellevue","US",FALSE,2006-03-06 00:00:00,2008-03-11 10:17:22,"Washington","98004","A39725EC-1D66-4B02-BF8F-A210E1D4F1AF","16274DF0-6F05-43A6-BC18-AD171017A1EB","#Error","WA",79,79,1,1
"35",NA,35,"Brandon","Heidepriem","G",2003-03-05,FALSE,"4CC8EDC2-5502-4550-8089-9B3CC6006490",NA,NA,1,13728,350,"6959 Lakewood Court",NA,"Daly City","US",FALSE,2006-02-25 00:00:00,2008-03-11 10:17:22,"California","94015","FC9D212F-2DC8-446D-8703-7EC202157520","3B2FF23C-1C75-40AE-9093-F4EB42263F4E","#Error","CA",9,9,4,1
"36",NA,36,"Jose","Lugo","R",2003-03-07,FALSE,"54655E98-B81A-4041-8FA4-9349C018521F",NA,NA,2,13778,360,"8844 Garcia",NA,"West Covina","US",FALSE,2006-01-24 00:00:00,2008-03-11 10:17:22,"California","91791","F0C54EBE-B640-4064-ADF8-ECD7E4D0B9F4","3B2FF23C-1C75-40AE-9093-F4EB42263F4E","#Error","CA",9,9,4,1
"37",NA,37,"Chris","Okelberry","O",2003-04-01,FALSE,"5B16CA18-703B-48E8-AB3E-CA158C854808",NA,NA,0,13927,370,"24 Bohon Circle",NA,"Burlingame","US",FALSE,2006-02-25 00:00:00,2008-03-11 10:17:22,"California","94010","B16FEDDF-75C3-4594-B801-265E55794F9B","3B2FF23C-1C75-40AE-9093-F4EB42263F4E","#Error","CA",9,9,4,1
"38",NA,38,"Kim","Abercrombie","B",2004-02-10,FALSE,"9A2163B3-2F4D-4F9A-91BD-07D326140F9C",NA,NA,2,13957,380,"3427 C Del Rio Ln",NA,"Anacortes","US",FALSE,2006-03-05 00:00:00,2008-03-11 10:17:22,"Washington","98221","41C17E5A-9456-4023-AEFC-9679D5F7D05D","16274DF0-6F05-43A6-BC18-AD171017A1EB","#Error","WA",79,79,1,1
"39",NA,39,"Ed","Dudenhoefer","R",2004-03-01,FALSE,"83C88383-9C3E-42C5-AE09-965B5F9EF5B1",NA,NA,0,13958,390,"8671 Westwood Lane",NA,"Palo Alto","US",FALSE,2006-03-05 00:00:00,2008-03-11 10:17:22,"California","94303","F4AF9BC9-5D65-4DC3-9E7E-23BCC95C87A8","3B2FF23C-1C75-40AE-9093-F4EB42263F4E","#Error","CA",9,9,4,1
"40",NA,40,"JoLynn","Dobney","M",2002-01-19,FALSE,"E8E5C9DA-F808-4439-BF5C-B28236BB8467",NA,NA,1,13976,400,"40 Panorama Drive",NA,"Glendale","US",FALSE,2006-03-21 00:00:00,2008-03-11 10:17:22,"California","91203","32F3D65C-6D79-4021-8196-10CEDD35D6D0","3B2FF23C-1C75-40AE-9093-F4EB42263F4E","#Error","CA",9,9,4,1
"41",NA,41,"Bryan","Baker",NA,2003-02-15,FALSE,"A32E8274-08DC-4596-AB1F-BA6263CBC676",NA,NA,0,13978,410,"2565-175 Mitchell Road",NA,"Alexandria","AU",FALSE,2007-09-01 00:00:00,2008-03-11 10:17:22,"New South Wales","2015","1154ED96-CF5C-4CA1-B2C2-F3BBE9EF0BD7","9910DD7E-A4C5-4599-86F5-9F581B53A92D","#Error","NSW",50,50,9,1
"42",NA,42,"James","Kramer","D",2003-01-21,FALSE,"F4F040E0-02A0-4905-B964-2E894D0F0B94",NA,NA,2,13979,420,"Ctrcrt Bus Pk/995-27 Paul St N",NA,"North Ryde","AU",FALSE,2007-09-01 00:00:00,2008-03-11 10:17:22,"New South Wales","2113","0E10BE22-8472-4C7C-9FD1-67ED3AE02966","9910DD7E-A4C5-4599-86F5-9F581B53A92D","#Error","NSW",50,50,9,1
"43",NA,43,"Nancy","Anderson","A",2003-01-27,FALSE,"0681C8F9-D2EC-47D9-9BD4-751B14EAED50",NA,NA,1,13994,430,"Orwith Center","39 Herbert Street","St. Leonards","AU",FALSE,2007-09-01 00:00:00,2008-03-11 10:17:22,"New South Wales","2065","2631C7E7-1D67-491E-B2C3-69F65756C1CA","9910DD7E-A4C5-4599-86F5-9F581B53A92D","#Error","NSW",50,50,9,1
"44",NA,44,"Simon","Rapier","D",2003-01-02,FALSE,"FF8EDBFC-A9A3-4C5D-8AFF-DF4D6F18DAFF",NA,NA,0,14048,440,"No. 6","Millenium Court","Perth","AU",FALSE,2007-09-01 00:00:00,2008-03-11 10:17:22,"South Australia","6006","2E602E0A-26A7-4AA0-9874-443DC8C8DAD7","DCAE37CD-FD8D-41FE-90ED-EDAD22B63DC8","#Error","SA",66,66,9,1
"45",NA,45,"Thomas","Michaels","R",2003-03-23,FALSE,"2CAF9ADC-7A33-48CF-B4B7-3C57D9DE39C4",NA,NA,1,14052,450,"575 Rue St Amable",NA,"Quebec","CA",FALSE,2006-09-01 00:00:00,2008-03-11 10:17:22,"Quebec","G1R","5F3C345A-6475-41D5-B17B-DB8D27733BB1","FF830158-3466-495F-BFCF-8A1B82A65355","#Error","QC",63,63,6,1
"46",NA,46,"Eugene","Kogan","O",2003-03-05,FALSE,"FB0068EA-49D4-4E82-9895-2680CF59385E",NA,NA,0,14071,460,"2521 McPherson Street",NA,"Markham","CA",FALSE,2007-08-01 00:00:00,2008-03-11 10:17:22,"Ontario","L3S 3K2","7D6F03AC-5D55-422E-850E-B8743FAC81B2","5528E2CF-AE39-4F65-BD32-FA32C6FF96FA","#Error","ON",57,57,6,1
"47",NA,47,"Andrew","Hill","R",2003-03-19,FALSE,"B6439F4F-E57D-4293-B0C8-8919591055A3",NA,NA,1,14134,470,"2511 Baker Road",NA,"Toronto","CA",FALSE,2005-09-01 00:00:00,2008-03-11 10:17:22,"Ontario","M4B 1V7","6E934D97-69B9-4FCF-9E4E-56BF94E52986","5528E2CF-AE39-4F65-BD32-FA32C6FF96FA","#Error","ON",57,57,6,1
"48",NA,48,"Ruth","Ellerbrock","Ann",2002-01-30,FALSE,"9BE35B50-2024-4785-9393-7C7AB8D9634D",NA,NA,0,14287,480,"25 First Canadian Place",NA,"Toronto","CA",FALSE,2005-08-01 00:00:00,2008-03-11 10:17:22,"Ontario","M4B 1V5","07A009B2-1421-4597-AB85-22BCE3C82B2C","5528E2CF-AE39-4F65-BD32-FA32C6FF96FA","#Error","ON",57,57,6,1
"49",NA,49,"Barry","Johnson","K",2002-01-31,FALSE,"CB28BE2E-DE93-4409-BACE-DF6042D04815",NA,NA,0,14304,490,"9979 Bayview Drive",NA,"Barrie","CA",FALSE,2006-08-01 00:00:00,2008-03-11 10:17:22,"Ontario","L4N","85D72A98-F631-457C-8FFF-04FAEC508F5D","5528E2CF-AE39-4F65-BD32-FA32C6FF96FA","#Error","ON",57,57,6,1
"50",NA,50,"Sidney","Higa","M",2002-02-26,FALSE,"A20BB9F5-3BBB-4AB6-9BFA-6AED32C30204",NA,NA,0,14325,500,"5700 Explorer Drive",NA,"Mississauga","CA",FALSE,2005-08-01 00:00:00,2008-03-11 10:17:22,"Ontario","L4W 5J3","F6FED7FA-39D9-4A60-A1F5-1622489E55FD","5528E2CF-AE39-4F65-BD32-FA32C6FF96FA","#Error","ON",57,57,6,1
"51",NA,51,"Jeffrey","Ford","L",2002-03-16,FALSE,"293DF609-2FA3-4C00-A891-ACE08661FE70",NA,NA,0,14343,510,"750 Philip Street",NA,"Waterloo","CA",FALSE,2005-11-01 00:00:00,2008-03-11 10:17:22,"Ontario","N2V","F2B96299-187A-4E52-96DE-FE9D1C8AB33F","5528E2CF-AE39-4F65-BD32-FA32C6FF96FA","#Error","ON",57,57,6,1
"52",NA,52,"Doris","Hartwig","M",2002-04-04,FALSE,"075AB67F-BFBD-4433-B33E-C65B2C045B6B",NA,NA,0,14355,520,"6700 Boul Taschereau",NA,"Brossard","CA",FALSE,2005-09-01 00:00:00,2008-03-11 10:17:22,"Quebec","J4Z 1C5","B730EAFF-5828-4C8C-86C1-9137F50FCA48","FF830158-3466-495F-BFCF-8A1B82A65355","#Error","QC",63,63,6,1
"53",NA,53,"Diane","Glimp","R",2002-04-22,FALSE,"9EA27F41-36BB-4456-A506-2B87C416FB0C",NA,NA,2,14380,530,"Suite #9902",NA,"North York","CA",FALSE,2005-07-01 00:00:00,2008-03-11 10:17:22,"Ontario","M4C 4K6","FE36E0C8-AD8A-4D2C-BC53-5D69BE5A9CE7","5528E2CF-AE39-4F65-BD32-FA32C6FF96FA","#Error","ON",57,57,6,1
"54",NA,54,"Bonnie","Kearney","N",2004-01-26,FALSE,"AB066D28-404A-436E-A17A-789D7F2638D3",NA,NA,0,14434,540,"254 Colonnade Road",NA,"Nepean","CA",FALSE,2005-08-01 00:00:00,2008-03-11 10:17:22,"Ontario","K2J 2W5","1C97F465-F2AF-4D34-BE8C-7AFDAD119425","5528E2CF-AE39-4F65-BD32-FA32C6FF96FA","#Error","ON",57,57,6,1
"55",NA,55,"Taylor","Maxwell","R",2002-03-04,FALSE,"9F81714B-0C9C-43C3-8DF5-180CB0A42D40",NA,NA,0,15014,550,"2520 Flanders Road",NA,"Toronto","CA",FALSE,2006-08-01 00:00:00,2008-03-11 10:17:22,"Ontario","M4B 1V4","A1D478E6-76DA-445F-A924-0B5DEE3C7CBB","5528E2CF-AE39-4F65-BD32-FA32C6FF96FA","#Error","ON",57,57,6,1
"56",NA,56,"Denise","Smith","H",2003-03-02,FALSE,"77F4AC33-E165-49D7-BC6A-F3C2DC069C9B",NA,NA,0,15015,560,"800 Interchange Blvd.","Suite 2501","Austin","US",FALSE,2006-07-01 00:00:00,2008-03-11 10:17:22,"Texas","78701","5790365C-DA3C-43BC-93D3-99104C038B71","99C542E0-5D3D-43A6-8D96-AF65A985D6E4","#Error","TX",73,73,4,1
"57",NA,57,"Frank","Miller","T",2003-03-20,FALSE,"05516FB2-586E-43F5-A87C-5E236F8DB8AD",NA,NA,1,15027,570,"52500 Liberty Way",NA,"Fort Worth","US",FALSE,2006-07-01 00:00:00,2008-03-11 10:17:22,"Texas","76102","F5A1147F-761F-4577-BB48-BBEF73B4A27F","99C542E0-5D3D-43A6-8D96-AF65A985D6E4","#Error","TX",73,73,4,1
"58",NA,58,"Kendall","Keil","C",2002-12-30,FALSE,"CA8D648A-166B-4D61-9AE0-A0B1FFECFB1B",NA,NA,2,15033,580,"2509 W. Frankford",NA,"Carrollton","US",FALSE,2006-07-01 00:00:00,2008-03-11 10:17:22,"Texas","75006","A0DBC338-CF0E-4962-9FBF-63220AECA66E","99C542E0-5D3D-43A6-8D96-AF65A985D6E4","#Error","TX",73,73,4,1
"59",NA,59,"Bob","Hohman","N",2003-01-18,FALSE,"6384295C-C932-47C0-8E97-71D94F83CD31",NA,NA,0,15037,590,"9995 West Central Entrance",NA,"Duluth","US",FALSE,2006-07-01 00:00:00,2008-03-11 10:17:22,"Minnesota","55802","86553E06-3BF8-4C21-8E40-AE95309C4B3E","553C8DAA-4142-427C-B772-66BEDADEF372","#Error","MN",36,36,3,1
"60",NA,60,"Pete","Male","C",2003-02-05,FALSE,"0AEB5713-8BB0-4B8D-BF81-777158E5FF09",NA,NA,2,15120,600,"25095 W. Florissant",NA,"Ferguson","US",FALSE,2005-08-01 00:00:00,2008-03-11 10:17:22,"Missouri","63135","1A51283C-12BB-462E-A1B8-A0039C18E6D8","FF5D76AE-0B45-4F32-96F7-AD5B7775E9EC","#Error","MO",37,37,3,1
"61",NA,61,"Diane","Tibbott","H",2003-02-12,FALSE,"E054FFC1-258C-4DA4-B2C1-40E155F4C88B",NA,NA,0,15121,610,"44025 W. Empire",NA,"Denby","US",FALSE,2007-09-01 00:00:00,2008-03-11 10:17:22,"South Dakota","57716","8AFB400F-1FE5-460D-BC56-4A7BF801B41B","90AAD17F-451F-42A1-9CF8-EC65B0ACB34F","#Error","SD",68,68,3,1
"62",NA,62,"John","Campbell","T",2002-04-11,FALSE,"F5A4CC1B-AEFA-46CA-8888-2CA1C6D4034B",NA,NA,1,15138,620,"Horizon Outlet",NA,"Woodbury","US",FALSE,2005-09-01 00:00:00,2008-03-11 10:17:22,"Minnesota","55125","70080B27-59BD-4BA1-84D2-68204B304D70","553C8DAA-4142-427C-B772-66BEDADEF372","#Error","MN",36,36,3,1
"63",NA,63,"Maciej","Dusza","W",2004-02-23,FALSE,"611D56EB-C29D-4F90-A5C6-1B3B2D44E5F8",NA,NA,0,15181,630,"Lincoln Square",NA,"Arlington","US",FALSE,2005-09-01 00:00:00,2008-03-11 10:17:22,"Texas","76010","734DE48F-7F95-4386-986E-F8AB86C194A0","99C542E0-5D3D-43A6-8D96-AF65A985D6E4","#Error","TX",73,73,4,1
"64",NA,64,"Michael","Zwilling","J",2004-03-19,FALSE,"DCC5AA7B-C09A-47A5-86A2-90D88191EBE6",NA,NA,1,15213,640,"251 The Metro Center",NA,"Wokingham","GB",TRUE,2007-09-01 00:00:00,2008-03-11 10:17:22,"England","RG41 1QW","0E4AC5BB-BE0D-4A96-A58E-064DAEC08E1A","3E3CB3F8-44B9-44D9-A1C3-CBFB11E0A7DA","#Error","ENG",14,14,10,1
"65",NA,65,"Randy","Reeves","T",2004-03-19,FALSE,"D988D8E0-C335-4F4C-9ED9-199FEB7FD4A7",NA,NA,0,15218,650,"Elmhurst Road, Goring",NA,"Reading","GB",TRUE,2006-07-01 00:00:00,2008-03-11 10:17:22,"England","RG7 5H7","E4C0C239-182F-45B7-A6BB-B7E142FF0657","3E3CB3F8-44B9-44D9-A1C3-CBFB11E0A7DA","#Error","ENG",14,14,10,1
"66",NA,66,"Karan","Khanna","R",2004-01-16,FALSE,"58C97993-7491-49EE-BFDD-CD80CE2C922A",NA,NA,1,15265,660,"6 The Farm, Liberty Road",NA,"Maidenhead","GB",TRUE,2007-09-01 00:00:00,2008-03-11 10:17:22,"England","SL67RJ","E22D616B-EA06-48E9-A00F-B1C4BB02F595","3E3CB3F8-44B9-44D9-A1C3-CBFB11E0A7DA","#Error","ENG",14,14,10,1
"67",NA,67,"Jay","Adams","G",2003-03-30,FALSE,"2FE289A7-CE57-49E5-BE61-3E6580D22EA6",NA,NA,0,15319,670,"7 Garden House Cloisters, 8 Batters",NA,"London","GB",TRUE,2006-07-01 00:00:00,2008-03-11 10:17:22,"England","SW8 4BG","333DAFF8-F22F-488C-928C-E6ECCF65452B","3E3CB3F8-44B9-44D9-A1C3-CBFB11E0A7DA","#Error","ENG",14,14,10,1
"68",NA,68,"Charles","Fitzgerald","B",2003-12-28,FALSE,"1E7CD457-A854-4D68-ACFB-3D752EEBD231",NA,NA,2,15501,680,"22, rue du Départ",NA,"Pantin","FR",FALSE,2008-01-22 10:09:29,2002-06-01 00:00:00,"Seine Saint Denis","93500","8342B42B-97A8-4221-A102-BF39F9193818","466C15BC-46EC-427D-99DB-98C380634527","#Error","93",179,179,7,1
"69",NA,69,"Steve","Masters","F",2003-03-12,FALSE,"85F55758-54C4-4048-ACBE-BD9515669122",NA,NA,1,15528,690,"57, rue des Vendangeurs",NA,"Roissy en Brie","FR",FALSE,2008-01-22 10:09:29,2002-06-01 00:00:00,"Seine et Marne","77680","73E19C1F-23F6-4FF9-A2F3-7322B7566783","FD1511DB-0A30-4B14-B60E-D2247473415E","#Error","77",163,163,7,1
"70",NA,70,"David","Ortiz","J",2003-01-09,FALSE,"60245B9F-EABD-48CF-9FA9-C5DD48BCB3DF",NA,NA,0,15532,700,"215, avenue Reille",NA,"Les Ulis","FR",FALSE,2008-01-22 10:09:29,2002-06-01 00:00:00,"Essonne","91940","A7003679-B499-4A76-958A-89C0C8BCFA27","35894A81-C267-4511-A706-99EA2C08181F","#Error","91",177,177,7,1
"71",NA,71,"Michael","Ray","Sean",2003-03-12,FALSE,"CA42A0B4-C068-4C75-A8A3-DE8953760927",NA,NA,2,15538,710,"88, avenue de l´ Union Centrale",NA,"Paris","FR",FALSE,2008-01-22 10:09:29,2002-06-01 00:00:00,"Seine (Paris)","75012","765C246C-A31A-4B4A-9219-ADA7DB25E47B","E117A6FC-24B9-438B-86FF-8455107F4E9F","#Error","75",161,161,7,1
"72",NA,72,"Steven","Selikoff","T",2002-12-26,FALSE,"7455FEFF-9238-4C29-819F-A4DF6508C0F8",NA,NA,2,15554,720,"Kurfürstenstr 9",NA,"Duesseldorf","DE",FALSE,2007-09-01 00:00:00,2008-03-11 10:17:22,"Hessen","40605","48C19B74-55DC-4116-B464-CB1F5C873196","834FC3DF-B60D-4F94-95BD-AEF8A9FB74E8","#Error","HE",19,19,8,1
"73",NA,73,"Carole","Poland","M",2003-01-13,FALSE,"4EE4FAF4-9C85-4022-B07F-956F1C5595D5",NA,NA,2,15557,730,"Nonnendamm 63",NA,"Berlin","DE",FALSE,2007-09-01 00:00:00,2008-03-11 10:17:22,"Nordrhein-Westfalen","14197","E24AD592-7A61-4EF1-9739-BB001646F2FD","C385B296-FBB7-44E1-9DED-23B7FBA346F0","#Error","NW",53,53,8,1
"74",NA,75,"Michiko","Osada","F",2003-02-20,FALSE,"670CE5A5-2B86-4AD7-AEF5-DF2AAAC4A6AB",NA,NA,0,15562,750,"Postfach 55 00 00",NA,"Frankfurt","DE",FALSE,2007-07-01 00:00:00,2008-03-11 10:17:22,"Bayern","91480","E8D5700C-A722-4D67-9AC0-CAF2EC6C019A","D54E5000-A0DA-46D1-86B0-B8FE16C9F781","#Error","BY",8,8,8,1
"75",NA,76,"Carol","Philips","M",2003-03-09,FALSE,"7AC771B3-347A-49FA-9298-487B02FA359D",NA,NA,2,15580,760,"Attn: Accounts Payable","44 Main Place","Melville","US",FALSE,2005-09-01 00:00:00,2008-03-11 10:17:22,"New York","11747","A184BE58-0E1D-4022-BA9B-7E30E41860BB","4F83E68D-4C26-4C53-A4B3-46B7F19C6498","#Error","NY",54,54,2,1
"76",NA,77,"Merav","Netz","A",2003-03-28,FALSE,"F9427582-FD1B-45DE-922D-2C2C58CEA0F7",NA,NA,0,15717,770,"123 Union Square South",NA,"New York","US",FALSE,2005-08-01 00:00:00,2008-03-11 10:17:22,"New York","10007","CEC2AD79-89D2-43A7-BA8C-FB2B11BDC170","4F83E68D-4C26-4C53-A4B3-46B7F19C6498","#Error","NY",54,54,2,1
"77",NA,78,"Reuben","D'sa","H",2003-01-09,FALSE,"AEBEAA5B-D861-4703-A959-6D0F6F4CDF74",NA,NA,2,15734,780,"89950 Castleton Corner",NA,"Indianapolis","US",FALSE,2006-07-01 00:00:00,2008-03-11 10:17:22,"Indiana","46204","A172A445-427F-4E6C-A2B4-1368E9D41DC3","91F21EF0-C528-4310-BB29-6BA45AE75A17","#Error","IN",25,25,2,1
"78",NA,79,"Eric","Brown","L",2004-02-18,FALSE,"D0EFAF3A-04DC-442F-9AA1-926C38105241",NA,NA,0,15739,790,"6405 Erie Blvd. Hills Plaza",NA,"De Witt","US",FALSE,2006-08-01 00:00:00,2008-03-11 10:17:22,"New York","13214","3D4337E6-BC3A-435D-9660-4DC681B20F20","4F83E68D-4C26-4C53-A4B3-46B7F19C6498","#Error","NY",54,54,2,1
"79",NA,80,"Sandeep","Kaliyath","P",2004-02-11,FALSE,"7E5B79F9-5B7A-41DC-850F-23B4764B5161",NA,NA,2,15752,800,"Indiana Factory Shops",NA,"Daleville","US",FALSE,2006-07-01 00:00:00,2008-03-11 10:17:22,"Indiana","47334","F48E6000-6190-4CAB-BE01-D433436FD581","91F21EF0-C528-4310-BB29-6BA45AE75A17","#Error","IN",25,25,2,1
"80",NA,81,"Mihail","Frintu","U",2004-01-23,FALSE,"1062CA88-998C-472C-8BD5-9F3D4BC4D2FB",NA,NA,0,15768,810,"Redford Plaza",NA,"Redford","US",FALSE,2005-07-01 00:00:00,2008-03-11 10:17:22,"Michigan","48239","43E988F4-B82D-4424-A59F-43DD81F9016B","0CB0855B-783A-4701-9D45-597A919BFB23","#Error","MI",35,35,3,1
"81",NA,82,"Jack","Creasey","T",2004-03-27,FALSE,"ED8B39AF-5DA5-405F-8C38-A6C3AC25CA1B",NA,NA,0,15771,820,"Westside Plaza",NA,"Nashua","US",FALSE,2006-07-01 00:00:00,2008-03-11 10:17:22,"New Hampshire","3064","227614F2-C18F-41A9-8B84-D8D76371C6FB","B30C26AE-62E3-499A-80A8-A167275BAEBD","#Error","NH",46,46,2,1
"82",NA,83,"Patrick","Cook","M",2004-03-08,FALSE,"F03E1512-0DC2-4329-8F21-6C5DBB9996F3",NA,NA,0,15843,830,"Indian Mound Mall",NA,"Heath","US",FALSE,2006-12-01 00:00:00,2008-03-11 10:17:22,"Ohio","43056","92D50980-2A3B-4F09-B966-CEFEDE1CBE84","6E1792B5-D021-47B1-98FC-9D60F46F3400","#Error","OH",55,55,2,1
"83",NA,84,"Frank","Martinez","R",2004-03-01,FALSE,"B66AB99E-691C-4CAC-B62D-579816800BFA",NA,NA,1,15861,840,"Great Northwestern",NA,"North Bend","US",FALSE,2005-08-01 00:00:00,2008-03-11 10:17:22,"Washington","98045","1EF6E60F-3582-4298-A7AD-195BE59BA7B7","16274DF0-6F05-43A6-BC18-AD171017A1EB","#Error","WA",79,79,1,1
"84",NA,85,"Brian","Goldstein","Richard",2004-01-05,FALSE,"61CE0232-4144-48AE-BA3B-1D509505F106",NA,NA,0,15882,850,"558 S 6th St",NA,"Klamath Falls","US",FALSE,2007-09-01 00:00:00,2008-03-11 10:17:22,"Oregon","97601","329894AB-0142-4D9B-9851-2DA2F6DC95E3","17EBF52E-94C8-4E7B-9EF3-5B6236763B49","#Error","OR",58,58,1,1
"85",NA,86,"Ryan","Cornelsen","L",2003-01-30,FALSE,"0E3F7512-87A6-4C0D-9E02-30919A75BF60",NA,NA,2,15921,860,"4927 S Meridian Ave Ste D",NA,"Puyallup","US",FALSE,2006-07-01 00:00:00,2008-03-11 10:17:22,"Washington","98371","FF2BE5E9-7D22-4C1C-ACF8-199148E957AB","16274DF0-6F05-43A6-BC18-AD171017A1EB","#Error","WA",79,79,1,1
"86",NA,87,"Cristian","Petculescu","K",2003-01-16,FALSE,"45FE0378-ED23-4D24-A5F5-11B10B402980",NA,NA,1,15924,870,"409 S. Main Ste. 25",NA,"Ellensburg","US",FALSE,2006-08-01 00:00:00,2008-03-11 10:17:22,"Washington","98926","955E88EA-083D-446E-A856-42CB0692826A","16274DF0-6F05-43A6-BC18-AD171017A1EB","#Error","WA",79,79,1,1
"87",NA,88,"Betsy","Stadick","A",2004-01-12,FALSE,"C214AB1E-A07E-4A62-9033-19DDE0DE1937",NA,NA,0,15944,880,"S Sound Ctr Suite 25300",NA,"Lacey","US",FALSE,2005-08-01 00:00:00,2008-03-11 10:17:22,"Washington","98503","3A400497-1000-4D9F-BB8D-D9CBF00C2822","16274DF0-6F05-43A6-BC18-AD171017A1EB","#Error","WA",79,79,1,1
"88",NA,89,"Patrick","Wedge","C",2004-02-26,FALSE,"CD334AC3-EE11-4999-BBA1-7F33DE161124",NA,NA,0,15964,890,"Holiday Village Mall",NA,"Great Falls","US",FALSE,2005-11-01 00:00:00,2008-03-11 10:17:22,"Montana","59401","5FE7C888-BB21-421E-9B8B-38DA8DA10085","D4FF6E1A-A8E8-4379-A43C-746DBB0D6D13","#Error","MT",40,40,1,1
"89",NA,90,"Danielle","Tiedt","C",2004-03-16,FALSE,"852A07EE-1D24-4810-8121-365DAB884C8D",NA,NA,1,15992,900,"25708 Dell Range Blvd.",NA,"Cheyenne","US",FALSE,2005-07-01 00:00:00,2008-03-11 10:17:22,"Wyoming","82001","9B10FE3A-A1FB-497E-8BC2-E84E8C2A77DA","778951DC-0475-4054-8CAB-892C8A38174E","#Error","WY",82,82,1,1
"90",NA,91,"Kimberly","Zimmerman","B",2004-02-06,FALSE,"67647D8C-C685-4704-81B7-AE1087CC2C6D",NA,NA,0,16015,910,"1 Corporate Center Drive",NA,"Miami","US",FALSE,2005-12-01 00:00:00,2008-03-11 10:17:22,"Florida","33127","401F5BB3-08C3-49B2-A3D0-E92EF3E3F294","EE8BA90D-B2C3-418E-93DF-20E33F095959","#Error","FL",15,15,5,1
"91",NA,92,"Tom","Vande Velde","M",2004-04-03,FALSE,"A36DA26B-29BA-4627-9731-134D65A53143",NA,NA,0,16051,920,"42500 West Park Drive",NA,"Atlanta","US",FALSE,2005-09-01 00:00:00,2008-03-11 10:17:22,"Georgia","30308","F6C5C9E5-3E2B-4401-8297-0075DB41E136","A6CA20D1-31AC-4771-8994-93DBBDCCE360","#Error","GA",17,17,5,1
"92",NA,93,"Kok-Ho","Loh","T",2003-01-21,FALSE,"3E4AE757-8C3E-47CC-BC20-528CCF271E3D",NA,NA,2,16158,930,"3990 Silas Creek Parkway",NA,"Winston-Salem","US",FALSE,2005-08-01 00:00:00,2008-03-11 10:17:22,"North Carolina","27104","5F689962-D8D3-419B-903C-5CF2F6D9286D","2C1C5211-3388-4DFF-B0FF-DB0B43E4A22D","#Error","NC",42,42,5,1
"93",NA,94,"Russell","Hunter",NA,2003-01-06,FALSE,"288EF549-203C-439C-A6B2-32FD822327FF",NA,NA,1,16160,940,"7725 Luddington Lane",NA,"Birmingham","US",FALSE,2006-08-01 00:00:00,2008-03-11 10:17:22,"Alabama","35203","0DD614CC-E758-41B7-A155-0A7E4DEC1569","41B328BE-21AE-45D0-841D-6F8DD71CE626","#Error","AL",3,3,5,1
"94",NA,95,"Jim","Scardelis","H",2003-01-13,FALSE,"A45F89BB-9748-41F8-9FAA-A5D76DF4B029",NA,NA,2,16203,950,"25 Myrtle Beach",NA,"Myrtle Beach","US",FALSE,2005-09-01 00:00:00,2008-03-11 10:17:22,"South Carolina","29577","CFC509FF-A2FB-43CC-98FD-F6DCCF4DDC9B","131CF47D-4F64-4A08-AFCB-0A1EE17A8534","#Error","SC",67,67,5,1
"95",NA,96,"Elizabeth","Keyser","I",2003-03-27,FALSE,"CB9A2A0C-68E5-475B-9D6D-EBD548FE5B9C",NA,NA,0,16313,960,"Peachtree Mall",NA,"Columbus","US",FALSE,2006-08-01 00:00:00,2008-03-11 10:17:22,"Georgia","31901","1F7801BA-C6F1-4405-85EE-DA246E707D6C","A6CA20D1-31AC-4771-8994-93DBBDCCE360","#Error","GA",17,17,5,1
"96",NA,97,"Mandar","Samant","H",2003-03-07,FALSE,"907AE318-9FF7-4B56-B52B-5FDCA7BF8A62",NA,NA,0,16384,970,"Hilton Head Factory Outlets No. 25",NA,"Bluffton","US",FALSE,2005-08-01 00:00:00,2008-03-11 10:17:22,"South Carolina","29910","11F4E4E8-CABA-4B5A-991A-909ABCFF61AF","131CF47D-4F64-4A08-AFCB-0A1EE17A8534","#Error","SC",67,67,5,1
"97",NA,98,"Sameer","Tejani","A",2003-03-08,FALSE,"F19BE575-4A2E-413D-9BE9-0AF4B75C6FCD",NA,NA,0,16400,980,"7700 Green Road",NA,"Raleigh","US",FALSE,2007-09-01 00:00:00,2008-03-11 10:17:22,"North Carolina","27603","F39AAA6E-B578-405E-9020-48D645FB3156","2C1C5211-3388-4DFF-B0FF-DB0B43E4A22D","#Error","NC",42,42,5,1
"98",NA,99,"Nuan","Yu",NA,2003-01-31,FALSE,"938FCD64-E06D-453C-9E70-BFE41753557B",NA,NA,0,16404,990,"5420 West 22500 South",NA,"Salt Lake City","US",FALSE,2006-07-01 00:00:00,2008-03-11 10:17:22,"Utah","84101","7612C47A-E24A-4BD8-9B8B-3AED15AF64F9","FD66BE42-BFEF-4233-942B-E8D79A594AFA","#Error","UT",74,74,1,1
"99",NA,100,"Lolan","Song","B",2003-02-06,FALSE,"DCD41870-A67B-4D7F-B874-92C6854E1D0D",NA,NA,1,16416,1000,"22555 Paseo De Las Americas",NA,"San Diego","US",FALSE,2006-08-01 00:00:00,2008-03-11 10:17:22,"California","92102","982BDCC2-6429-4725-A6DF-4FAF032EC908","3B2FF23C-1C75-40AE-9093-F4EB42263F4E","#Error","CA",9,9,4,1
"100",NA,101,"Houman","Pournasseh","N",2003-02-19,FALSE,"14E39720-994D-42C0-A26D-7877BB264FF5",NA,NA,2,16466,1010,"5650 West 88th Ave.",NA,"Westminster","US",FALSE,2007-08-01 00:00:00,2008-03-11 10:17:22,"Colorado","80030","BD7FA7A0-4CBE-442A-A5E5-E5E2B79214EC","292DF595-7D3C-41FB-A040-7C184D379FCE","#Error","CO",10,10,3,1
"101",NA,102,"Zheng","Mu","W",2002-12-28,FALSE,"17D15AE1-FB50-4303-A509-24C6C553C17D",NA,NA,0,16513,1020,"251340 E. South St.",NA,"Cerritos","US",FALSE,2005-09-01 00:00:00,2008-03-11 10:17:22,"California","90703","BA72737A-0827-46A8-AF5B-971FD8464A87","3B2FF23C-1C75-40AE-9093-F4EB42263F4E","#Error","CA",9,9,4,1
"102",NA,103,"Ebru","Ersan","N",2003-12-31,FALSE,"64A9674E-9625-4EF2-8F4D-357390735C08",NA,NA,2,16552,1030,"Escondido",NA,"Escondido","US",FALSE,2006-08-01 00:00:00,2008-03-11 10:17:22,"California","92025","E5B6618D-A92B-4DA1-BA99-316BABFFF7DB","3B2FF23C-1C75-40AE-9093-F4EB42263F4E","#Error","CA",9,9,4,1
"103",NA,104,"Mary","Baker","R",2004-01-19,FALSE,"9E450675-B7F1-47C1-BB64-95E998B57ED4",NA,NA,2,16609,1040,"Fox Hills",NA,"Culver City","US",FALSE,2005-08-01 00:00:00,2008-03-11 10:17:22,"California","90232","5042B0A9-D10A-4F99-9F6F-50F96DEFA226","3B2FF23C-1C75-40AE-9093-F4EB42263F4E","#Error","CA",9,9,4,1
"104",NA,105,"Kevin","Homer","M",2004-01-19,FALSE,"1D1C9D2A-EA15-409C-8E32-8F5C6F8F286A",NA,NA,0,16693,1050,"University Town Center",NA,"San Diego","US",FALSE,2005-09-01 00:00:00,2008-03-11 10:17:22,"California","92102","6D9EBB03-5C5A-4A20-8910-12D894591727","3B2FF23C-1C75-40AE-9093-F4EB42263F4E","#Error","CA",9,9,4,1
"105",NA,106,"John","Kane","T",2004-03-23,FALSE,"4C117C8F-07C6-4B4E-A7D0-B8AD58EED8AE",NA,NA,1,16821,1060,"Arcadia Crossing",NA,"Phoenix","US",FALSE,2006-07-01 00:00:00,2008-03-11 10:17:22,"Arizona","85004","CC91297C-567B-4186-96C8-2BA6F0875E73","FB8BE18E-F441-44F0-A4A9-1D0F204CB701","#Error","AZ",6,6,4,1
"106",NA,107,"Christopher","Hill","E",2004-03-04,FALSE,"A066751C-B57F-4186-8219-6652AE1189B1",NA,NA,0,16824,1070,"3250 Baldwin Park Blvd",NA,"Baldwin Park","US",FALSE,2005-08-01 00:00:00,2008-03-11 10:17:22,"California","91706","957EC59C-7A7D-438E-9014-20FBEB807E99","3B2FF23C-1C75-40AE-9093-F4EB42263F4E","#Error","CA",9,9,4,1
"107",NA,108,"Jinghao","Liu","K",2003-01-02,FALSE,"DD35EB13-6D4F-4C82-B33C-D693090722B6",NA,NA,0,17096,1080,"2575 Rocky Mountain Ave.",NA,"Loveland","US",FALSE,2006-08-01 00:00:00,2008-03-11 10:17:22,"Colorado","80537","BCC0867E-CB4E-4852-994E-03ABED8C95AB","292DF595-7D3C-41FB-A040-7C184D379FCE","#Error","CO",10,10,3,1
"108",NA,109,"Alice","Ciccu","O",2003-01-01,FALSE,"B5836E66-4251-4D4D-8F49-8E6D9E3C9D64",NA,NA,1,17632,1090,"25130 South State Street",NA,"Sandy","US",FALSE,2007-09-01 00:00:00,2008-03-11 10:17:22,"Utah","84070","CF3AE92A-3E66-4AF0-B683-731826E89CD1","FD66BE42-BFEF-4233-942B-E8D79A594AFA","#Error","UT",74,74,1,1
"109",NA,110,"Jun","Cao","T",2003-01-08,FALSE,"20BDFF3B-3561-482B-B02D-DA9B6183B6D9",NA,NA,0,17700,1100,"4635 S. Harrison Blvd.",NA,"Ogden","US",FALSE,2007-09-01 00:00:00,2008-03-11 10:17:22,"Utah","84401","BE4DFEEF-CB1C-4AF8-B517-3214C7C1F311","FD66BE42-BFEF-4233-942B-E8D79A594AFA","#Error","UT",74,74,1,1
"110",NA,111,"Suroor","Fatima","R",2003-01-11,FALSE,"62C97C5B-5CAB-42C6-813D-C0C75BBBFD7B",NA,NA,0,17752,11384,"500 35th Ave NE",NA,"Los Angeles","US",FALSE,2007-04-15 00:00:00,2008-03-11 10:17:22,"California","90012","35DF6920-D4E9-47CB-9851-6E0AA1B4ED6E","3B2FF23C-1C75-40AE-9093-F4EB42263F4E","#Error","CA",9,9,4,1
"111",NA,112,"John","Evans","P",2003-01-26,FALSE,"FCFA001C-D5BC-455F-9124-21290B4A5304",NA,NA,1,17753,11406,"4006 Sunny Ave.",NA,"Hervey Bay","AU",FALSE,2008-06-14 00:00:00,2008-03-11 10:17:22,"Queensland","4655","74A56EF0-63E7-45C3-ABFF-BF19FEE5904A","152658FA-AD59-4FA0-82A6-F76980F0183F","#Error","QLD",64,64,9,1
"112",NA,113,"Linda","Moschell","K",2003-01-19,FALSE,"1552D700-1E1C-4725-8074-D8D7D9A49B0E",NA,NA,1,17787,11416,"8206 Green Valley Road",NA,"East Brisbane","AU",FALSE,2007-09-21 00:00:00,2008-03-11 10:17:22,"Queensland","4169","0D6568FC-3AF7-4C67-9A24-31131704C280","152658FA-AD59-4FA0-82A6-F76980F0183F","#Error","QLD",64,64,9,1
"113",NA,114,"Mindaugas","Krapauskas","J",2003-02-07,FALSE,"7C623D80-0A62-42DE-A355-24715A7160C6",NA,NA,1,17793,11426,"4787 R St.",NA,"Bellingham","US",FALSE,2007-12-14 00:00:00,2008-03-11 10:17:22,"Washington","98225","4DE53E10-143F-420A-8D7C-28D884754B60","16274DF0-6F05-43A6-BC18-AD171017A1EB","#Error","WA",79,79,1,1
"114",NA,115,"Angela","Barbariol","W",2003-02-14,FALSE,"8E6ADFD0-2FE0-4EB9-93F2-A04FD877F6DC",NA,NA,2,17964,11436,"Curieweg 3991",NA,"Bonn","DE",FALSE,2008-04-28 00:00:00,2008-03-11 10:17:22,"Nordrhein-Westfalen","53131","59C7E622-1A26-440A-A742-29D12B961A61","C385B296-FBB7-44E1-9DED-23B7FBA346F0","#Error","NW",53,53,8,1
"115",NA,116,"Michael","Patten","W",2003-02-25,FALSE,"C31D89BE-1DB6-495B-8699-4669E5FA4B9D",NA,NA,0,17980,11446,"70, rue Georges-Clémenceau",NA,"Roissy en Brie","FR",FALSE,2008-01-22 10:09:29,2002-06-01 00:00:00,"Seine et Marne","77680","20EE174B-EC09-4696-9365-615BC5815195","FD1511DB-0A30-4B14-B60E-D2247473415E","#Error","77",163,163,7,1
"116",NA,117,"Chad","Niswonger","W",2003-03-15,FALSE,"1CAC3A75-34AB-45C1-B9F1-7CAA44C76A75",NA,NA,1,17989,11456,"102, rue de Berri",NA,"Les Ulis","FR",FALSE,2008-01-22 10:09:29,2002-06-01 00:00:00,"Essonne","91940","D4DCD630-3140-4ADD-AC86-D4DF8B0D7F8E","35894A81-C267-4511-A706-99EA2C08181F","#Error","91",177,177,7,1
"117",NA,118,"Don","Hall","L",2003-03-10,FALSE,"F369194E-2FF0-4E61-97A7-B821F8B2BAED",NA,NA,0,18000,11466,"2062 Woodruff Lane",NA,"Peterborough","GB",TRUE,2008-06-06 00:00:00,2008-03-11 10:17:22,"England","PB12","377BF174-ABB8-4813-BAC9-4831B02DADE0","3E3CB3F8-44B9-44D9-A1C3-CBFB11E0A7DA","#Error","ENG",14,14,10,1
"118",NA,119,"Michael","Entin","T",2003-03-22,FALSE,"7533C47D-8E8F-40AC-8383-CF3DF57E3D84",NA,NA,1,18166,11476,"5957 Pacifica Ave.",NA,"East Brisbane","AU",FALSE,2006-07-30 00:00:00,2008-03-11 10:17:22,"Queensland","4169","5486BC3F-9F11-4091-96CD-9A1D13E66045","152658FA-AD59-4FA0-82A6-F76980F0183F","#Error","QLD",64,64,9,1
"119",NA,120,"Kitti","Lertpiriyasuwat","H",2003-03-29,FALSE,"BFADC42C-0D0E-4BDA-94B7-B14E89F5FC69",NA,NA,0,18213,11486,"2104 Grading Way",NA,"Brisbane","AU",FALSE,2007-09-07 00:00:00,2008-03-11 10:17:22,"Queensland","4000","D0F3BEA7-A024-46E9-AFFF-D8DCA69A379C","152658FA-AD59-4FA0-82A6-F76980F0183F","#Error","QLD",64,64,9,1
"120",NA,121,"Pilar","Ackerman","G",2003-01-27,FALSE,"81F50324-D0B5-4EA5-8B20-F99D46572C76",NA,NA,0,18219,11496,"Auf Der Steige 2",NA,"Frankfurt am Main","DE",FALSE,2008-07-22 00:00:00,2008-03-11 10:17:22,"Hamburg","60082","EE3BDA9A-D4FD-4993-B80A-2775012933DA","1CC5A134-60D7-40C2-9269-CDA494214ABF","#Error","HH",20,20,8,1
"121",NA,122,"Susan","Eaton","W",2003-01-01,FALSE,"84C723AC-F07F-4299-89B1-FAABB9CA47FC",NA,NA,2,18293,11506,"7141 Second Ave.",NA,"Malabar","AU",FALSE,2006-09-20 00:00:00,2008-03-11 10:17:22,"New South Wales","2036","44A850F7-AE30-44C7-B24A-0714738FE0AF","9910DD7E-A4C5-4599-86F5-9F581B53A92D","#Error","NSW",50,50,9,1
"122",NA,123,"Vamsi","Kuppa","N",2003-01-01,FALSE,"37154EFE-002F-4D85-A84B-A8B1FF714BC6",NA,NA,0,18664,11516,"9549 Roxbury Drive",NA,"Bendigo","AU",FALSE,2007-04-15 00:00:00,2008-03-11 10:17:22,"Victoria","3550","A96EEC6F-994E-4A7C-8B2D-FE7CC797DCCE","6A683928-8F1F-4369-A64A-60979E216824","#Error","VIC",77,77,9,1
"123",NA,124,"Kim","Ralls","T",2003-01-20,FALSE,"7AB39816-FF5A-4F3D-A3DC-88D906EC054F",NA,NA,2,18957,11526,"Kulmer Straße 765",NA,"München","DE",FALSE,2007-10-10 00:00:00,2008-03-11 10:17:22,"Saarland","48001","0268C2D9-9ADB-4CBC-AC77-1974F50DD084","F555DD9E-A190-4DC4-9433-7FE257AA6E82","#Error","SL",70,70,8,1
"124",NA,125,"Matthias","Berndt","T",2003-02-14,FALSE,"318BF718-6CCC-4F26-AC81-00EAF17B1BFE",NA,NA,0,18958,11536,"4619 Mount Orange Ct",NA,"Lavender Bay","AU",FALSE,2007-06-10 00:00:00,2008-03-11 10:17:22,"New South Wales","2060","870AC21C-534F-452A-879F-ECEBE12E393A","9910DD7E-A4C5-4599-86F5-9F581B53A92D","#Error","NSW",50,50,9,1
"125",NA,126,"Jimmy","Bischoff","T",2003-03-23,FALSE,"52182904-CFAF-4B2D-8D77-268DE7AB5DA4",NA,NA,0,19037,11546,"4185 Keywood Ct.",NA,"Woolston","GB",TRUE,2005-09-17 00:00:00,2008-03-11 10:17:22,"England","WA1 4SY","2CB4E065-F9E0-4DF4-9386-C1DCF8072644","3E3CB3F8-44B9-44D9-A1C3-CBFB11E0A7DA","#Error","ENG",14,14,10,1
"126",NA,127,"David","Hamilton","P",2003-01-28,FALSE,"D6532F6D-A832-4266-B0F0-2F874F5A85BA",NA,NA,1,19049,11556,"1415 Edwards Ave",NA,"Silverwater","AU",FALSE,2008-02-06 00:00:00,2008-03-11 10:17:22,"New South Wales","2264","F315BEDF-F1B2-41AD-BE86-CD602B5217F2","9910DD7E-A4C5-4599-86F5-9F581B53A92D","#Error","NSW",50,50,9,1
"127",NA,128,"Paul","Komosinski","B",2002-12-29,FALSE,"E4145F40-88D2-43F4-A018-9BFB38D6D9FF",NA,NA,2,19073,11566,"Hauptstr 6039",NA,"Berlin","DE",FALSE,2006-03-15 00:00:00,2008-03-11 10:17:22,"Hessen","14111","0A1479B3-2BF5-4FCD-A630-3A7CA017F089","834FC3DF-B60D-4F94-95BD-AEF8A9FB74E8","#Error","HE",19,19,8,1
"128",NA,129,"Gary","Yukish","W",2003-01-16,FALSE,"09EA8640-ED99-4205-9433-078F1D81D221",NA,NA,0,19202,11576,"5402 Panorama Drive",NA,"North Sydney","AU",FALSE,2005-09-24 00:00:00,2008-03-11 10:17:22,"New South Wales","2055","DE5DB30F-BF8F-4CA1-BA0F-5A45C07EB1C1","9910DD7E-A4C5-4599-86F5-9F581B53A92D","#Error","NSW",50,50,9,1
"129",NA,130,"Rob","Caron","T",2003-03-10,FALSE,"909F01EF-2F6D-44DD-AF8D-1553BED7EACF",NA,NA,0,19298,11586,"6999 Salem St.",NA,"Berkeley","US",FALSE,2006-12-14 00:00:00,2008-03-11 10:17:22,"California","94704","8FAB4209-F2D0-4AFC-B41A-4E2B829A0439","3B2FF23C-1C75-40AE-9093-F4EB42263F4E","#Error","CA",9,9,4,1
"130",NA,131,"Baris","Cetinok","F",2003-03-12,FALSE,"BA03C1A4-0577-44F5-BFBC-FC701C007F13",NA,NA,2,19316,11596,"8827 Ward Court",NA,"High Wycombe","GB",TRUE,2007-09-09 00:00:00,2008-03-11 10:17:22,"England","HP10 9QY","DEA0CB67-C4B7-4BEE-B0CD-9132CD9CE3BD","3E3CB3F8-44B9-44D9-A1C3-CBFB11E0A7DA","#Error","ENG",14,14,10,1
"131",NA,132,"Nicole","Holliday","B",2003-03-19,FALSE,"F101C5EE-17B1-4FB0-9CAE-4A88694CEEAA",NA,NA,0,19326,11606,"5048 Hawthorne Dr",NA,"Bellflower","US",FALSE,2008-04-16 00:00:00,2008-03-11 10:17:22,"California","90706","0CBCC4BF-B9A7-4C0F-B797-DA524F85F1B7","3B2FF23C-1C75-40AE-9093-F4EB42263F4E","#Error","CA",9,9,4,1
"132",NA,133,"Michael","Rothkugel","L",2003-02-04,FALSE,"EE04F4CB-977A-48D0-ACB4-D89172FD5AE2",NA,NA,2,19343,11616,"4910 Melinda Court",NA,"Long Beach","US",FALSE,2008-06-05 00:00:00,2008-03-11 10:17:22,"California","90802","0D0BE865-AE9E-48F6-9657-1646B983F1F0","3B2FF23C-1C75-40AE-9093-F4EB42263F4E","#Error","CA",9,9,4,1
"133",NA,134,"Eric","Gubbels",NA,2003-02-08,FALSE,"4A9AC912-9E22-47B7-B126-5F3B576A430E",NA,NA,2,19417,11626,"4055 Leonard Ct.",NA,"Beaverton","US",FALSE,2008-02-11 00:00:00,2008-03-11 10:17:22,"Oregon","97005","17769ED4-452C-4EF4-B28D-D29F044E02E6","17EBF52E-94C8-4E7B-9EF3-5B6236763B49","#Error","OR",58,58,1,1
"134",NA,135,"Ivo","Salmre","William",2002-12-29,FALSE,"DFA4B008-D83F-4828-AAC6-449E683909F5",NA,NA,0,19423,11636,"89, avenue des Ternes",NA,"Paris","FR",FALSE,2008-01-22 10:09:29,2002-06-01 00:00:00,"Seine (Paris)","75007","E586A411-8AE6-4E3A-BDA0-B029F92ABB49","E117A6FC-24B9-438B-86FF-8455107F4E9F","#Error","75",161,161,7,1
"135",NA,136,"Sylvester","Valdez","A",2004-01-05,FALSE,"6152BEC3-BB11-43AA-B691-9881CE6DD3F3",NA,NA,0,19437,11646,"4286 NE 3rd Court",NA,"Cliffside","CA",FALSE,2007-09-02 00:00:00,2008-03-11 10:17:22,"British Columbia","V8Y 1L1","B57FE1A6-22C3-4F26-8EFB-C7D24EB175DB","D27FCC6E-BB99-438B-BA86-285CEEB2FA53","#Error","BC",7,7,6,1
"136",NA,137,"Anibal","Sousa","T",2003-03-20,FALSE,"9B75A538-958C-4C91-987A-B9BCCE683E8A",NA,NA,0,20183,11656,"486 Pacifica Avenue",NA,"Seaford","AU",FALSE,2006-12-27 00:00:00,2008-03-11 10:17:22,"Victoria","3198","BC173C3F-D02A-4381-BB17-A3609A2465DC","6A683928-8F1F-4369-A64A-60979E216824","#Error","VIC",77,77,9,1
"137",NA,138,"Samantha","Smith","H",2003-03-01,FALSE,"11EF6F0A-29B6-4541-82F0-2E7A35179E48",NA,NA,0,20870,11666,"11, rue Henri Gagnon",NA,"Roissy en Brie","FR",FALSE,2008-01-22 10:09:29,2002-06-01 00:00:00,"Seine et Marne","77680","4181C656-024C-4CDA-B43E-4BA0F36B4618","FD1511DB-0A30-4B14-B60E-D2247473415E","#Error","77",163,163,7,1
"138",NA,139,"Hung-Fu","Ting","T",2004-01-31,FALSE,"739C7553-13E5-4F36-86F6-4775645547AE",NA,"Mr.",0,20982,11676,"6404 Del Mar Ave",NA,"Burien","US",FALSE,2006-02-07 00:00:00,2008-03-11 10:17:22,"Washington","98168","D09D1A6F-D35F-4C89-99D8-F5D7A601CC1E","16274DF0-6F05-43A6-BC18-AD171017A1EB","#Error","WA",79,79,1,1
"139",NA,140,"Prasanna","Samarawickrama","E",2004-02-16,FALSE,"E8673E92-31F6-42F4-A65C-A595D3F899F6",NA,NA,1,21004,11686,"9069 Muir Road",NA,"Bellflower","US",FALSE,2008-02-19 00:00:00,2008-03-11 10:17:22,"California","90706","1BBDD5FC-38B5-4D98-A4F1-F9685A17FF4A","3B2FF23C-1C75-40AE-9093-F4EB42263F4E","#Error","CA",9,9,4,1
"140",NA,141,"Min","Su","G",2004-02-18,FALSE,"3BB0243E-11E3-4E5C-8DB5-6B927C71432E",NA,NA,0,21056,11696,"3608 Sinclair Avenue","# 701","Warrnambool","AU",FALSE,2007-11-01 00:00:00,2008-03-11 10:17:22,"Victoria","3280","4E6B7A8C-6C0B-4419-BCF0-1AA506B43D74","6A683928-8F1F-4369-A64A-60979E216824","#Error","VIC",77,77,9,1
"141",NA,142,"Olinda","Turner","C",2004-03-28,FALSE,"BF741CEC-34E0-4B44-99C2-E0382FCD9E8E",NA,NA,0,21093,11706,"1023 Hawkins Street",NA,"Lebanon","US",FALSE,2008-04-15 00:00:00,2008-03-11 10:17:22,"Oregon","97355","E6E99BA2-D833-4BD4-A6F4-AC4C92014048","17EBF52E-94C8-4E7B-9EF3-5B6236763B49","#Error","OR",58,58,1,1
"142",NA,143,"Krishna","Sunkammurali",NA,2004-03-09,FALSE,"442C8270-1E84-47C5-A621-AF10CF1B3546",NA,NA,2,21366,11716,"6790 Loma Linda",NA,"Oregon City","US",FALSE,2007-08-03 00:00:00,2008-03-11 10:17:22,"Oregon","97045","2C0296F0-764F-4FAA-BE28-919B4D2B0D51","17EBF52E-94C8-4E7B-9EF3-5B6236763B49","#Error","OR",58,58,1,1
"143",NA,144,"Paul","Singh","R",2003-02-11,FALSE,"BA4C0109-A2A4-4595-A357-38A64B643E3C",NA,NA,2,21488,11726,"1907 Grand Ct.",NA,"Oxon","GB",TRUE,2007-09-10 00:00:00,2008-03-11 10:17:22,"England","OX16 8RS","0576BCDF-5BCB-4338-8DD4-AE9D02CE2AF4","3E3CB3F8-44B9-44D9-A1C3-CBFB11E0A7DA","#Error","ENG",14,14,10,1
"144",NA,145,"Cynthia","Randall","S",2003-02-21,FALSE,"F0C15AD6-4CFF-4931-A216-49B635596043",NA,NA,0,21540,11736,"2305 Glaze Drive",NA,"Mill Valley","US",FALSE,2008-07-15 00:00:00,2008-03-11 10:17:22,"California","94941","117FB112-29EB-4D57-9EE6-C44126ADF5C9","3B2FF23C-1C75-40AE-9093-F4EB42263F4E","#Error","CA",9,9,4,1
"145",NA,146,"Jian Shuo","Wang",NA,2003-01-01,FALSE,"009EBB72-9173-4AA9-920E-B578F3C927DE",NA,NA,0,21575,11746,"Marketplatz 5193",NA,"Duesseldorf","DE",FALSE,2006-12-24 00:00:00,2008-03-11 10:17:22,"Hessen","40605","C6DFA463-3311-4045-90C8-D0626150D2EA","834FC3DF-B60D-4F94-95BD-AEF8A9FB74E8","#Error","HE",19,19,8,1
"146",NA,147,"Sandra","Reátegui Alayo",NA,2003-01-20,FALSE,"B07FA8A6-A056-48AB-91F8-318C6C87B502",NA,NA,0,21576,11756,"2777 Spring Hill Drive",NA,"Haney","CA",FALSE,2008-05-08 00:00:00,2008-03-11 10:17:22,"British Columbia","V2W 1W2","4A6C33C7-B27F-4CB3-A655-B79BB7D5D6E9","D27FCC6E-BB99-438B-BA86-285CEEB2FA53","#Error","BC",7,7,6,1
"147",NA,148,"Jason","Watters","M",2003-02-08,FALSE,"00D61032-0D0E-41E3-8F37-B5987C8D5087",NA,NA,0,22260,11766,"7996 Ronda Ct.",NA,"Esher-Molesey","GB",TRUE,2007-08-16 00:00:00,2008-03-11 10:17:22,"England","EM15","95145598-D62C-4E8E-815C-36C90249243C","3E3CB3F8-44B9-44D9-A1C3-CBFB11E0A7DA","#Error","ENG",14,14,10,1
"148",NA,149,"Andy","Ruth","M",2003-02-25,FALSE,"9CFDF60A-083A-44DC-AFE2-D578C76FD55A",NA,NA,1,22312,11776,"62, route de Marseille",NA,"Courbevoie","FR",FALSE,2008-01-22 10:09:29,2002-06-01 00:00:00,"Hauts de Seine","92400","4ED2C998-91D4-4196-B960-D502A8586408","F8FD6D62-A913-4F10-9E42-D348EDA02BD9","#Error","92",178,178,7,1
"149",NA,150,"Michael","Vanderhyde","T",2003-03-23,FALSE,"944AE1F8-E154-4752-9A24-8E8FE85156F3",NA,NA,2,22785,11786,"2650 Hamlet",NA,"Portland","US",FALSE,2007-09-08 00:00:00,2008-03-11 10:17:22,"Oregon","97205","997F9262-8996-4E98-950F-562031F9705D","17EBF52E-94C8-4E7B-9EF3-5B6236763B49","#Error","OR",58,58,1,1
"150",NA,151,"Rostislav","Shabalin","E",2003-03-16,FALSE,"FAA146E7-5C07-4C47-8B66-DCDA9BE58D54",NA,NA,2,22828,11796,"3117 Story Lane",NA,"Woodburn","US",FALSE,2006-06-25 00:00:00,2008-03-11 10:17:22,"Oregon","97071","ADC3D04A-C146-4C77-936E-E54A77991C8B","17EBF52E-94C8-4E7B-9EF3-5B6236763B49","#Error","OR",58,58,1,1
"151",NA,152,"Yuhong","Li","L",2003-02-26,FALSE,"866472D1-65C3-4AA7-B15B-F75EF10CB7D8",NA,NA,1,22930,11806,"3799 Hilton Way",NA,"Lynnwood","US",FALSE,2007-10-12 00:00:00,2008-03-11 10:17:22,"Washington","98036","8D97DEAE-2B46-44C1-90D7-1ACF7019EFEF","16274DF0-6F05-43A6-BC18-AD171017A1EB","#Error","WA",79,79,1,1
"152",NA,153,"Hanying","Feng","P",2003-01-10,FALSE,"DDAAE515-0A69-4750-B6EE-7AC6629F55B8",NA,NA,0,22931,11816,"7188 Viewpoint Ct",NA,"South Melbourne","AU",FALSE,2007-01-10 00:00:00,2008-03-11 10:17:22,"Victoria","3205","7B0BB4A5-DDAA-4C50-99D5-040670FC8A90","6A683928-8F1F-4369-A64A-60979E216824","#Error","VIC",77,77,9,1
"153",NA,154,"Raymond","Sam","K",2003-01-17,FALSE,"02717918-B884-41B9-87B3-A0F8C2939EC1",NA,NA,0,22950,11826,"346 Sutcliffe Pl.",NA,"Langford","CA",FALSE,2007-08-03 00:00:00,2008-03-11 10:17:22,"British Columbia","V9","E26EDD5B-D522-4DC0-BF23-8DACD3E51E76","D27FCC6E-BB99-438B-BA86-285CEEB2FA53","#Error","BC",7,7,6,1
"154",NA,155,"Fadi","Fakhouri","K",2003-01-29,FALSE,"3EF14439-76B4-4086-BE8D-0A03A6694425",NA,NA,2,23104,11836,"8595 Central Avenue","# 778","Shawnee","CA",FALSE,2007-08-24 00:00:00,2008-03-11 10:17:22,"British Columbia","V9B 2C3","1732DEE7-84EC-4C7C-BB83-80E46232E5F6","D27FCC6E-BB99-438B-BA86-285CEEB2FA53","#Error","BC",7,7,6,1
"155",NA,156,"Lane","Sacksteder","M",2003-02-05,FALSE,"8591375E-8ED1-49C8-89F3-52AED00C77F1",NA,NA,1,23116,11846,"1318 Nottingham Pl.",NA,"Sydney","AU",FALSE,2007-10-21 00:00:00,2008-03-11 10:17:22,"New South Wales","1002","D9B50890-3B8C-45A7-9888-53D359EA5E51","9910DD7E-A4C5-4599-86F5-9F581B53A92D","#Error","NSW",50,50,9,1
"156",NA,157,"Linda","Randall","A",2003-02-28,FALSE,"EF38AC01-9C58-4CD0-AA39-D12DDA3C3E9C",NA,NA,0,23410,11856,"1032 Buena Vista",NA,"North Ryde","AU",FALSE,2006-07-10 00:00:00,2008-03-11 10:17:22,"New South Wales","2113","5B865AFA-564A-4C70-AA5B-DFC6BD07CBF9","9910DD7E-A4C5-4599-86F5-9F581B53A92D","#Error","NSW",50,50,9,1
"157",NA,158,"Shelley","Dyck","N",2003-04-01,FALSE,"77B7F905-5028-491C-A1DC-80087AAC7817",NA,NA,0,23417,11866,"8238 D Crane Ct.",NA,"Newport Beach","US",FALSE,2008-04-21 00:00:00,2008-03-11 10:17:22,"California","92625","DB03C584-85DF-4658-9B0E-61DD49D088D5","3B2FF23C-1C75-40AE-9093-F4EB42263F4E","#Error","CA",9,9,4,1
"158",NA,159,"Terrence","Earls","W",2003-03-13,FALSE,"15365ED2-53AC-4EC7-93BF-89ED5D903167",NA,NA,1,23466,11876,"3152 Woodcrest Drive",NA,"Lebanon","US",FALSE,2007-10-18 00:00:00,2008-03-11 10:17:22,"Oregon","97355","A26422EA-DC4F-44E8-8E61-89DA04BF28D6","17EBF52E-94C8-4E7B-9EF3-5B6236763B49","#Error","OR",58,58,1,1
"159",NA,160,"Jeff","Hay","V",2003-02-15,FALSE,"8C7296AB-73DA-4992-8200-833B2C625D50",NA,NA,1,23523,11886,"1148 Thornwood Drive",NA,"Corvallis","US",FALSE,2007-02-05 00:00:00,2008-03-11 10:17:22,"Oregon","97330","18C1D44C-4F87-4970-986B-6143748D0DD6","17EBF52E-94C8-4E7B-9EF3-5B6236763B49","#Error","OR",58,58,1,1
"160",NA,161,"Kirk","Koenigsbauer","J",2003-01-09,FALSE,"35A9A423-C54F-48C5-9527-CF1E93089D92",NA,NA,1,23593,11896,"4082 Virginia Hills",NA,"London","GB",TRUE,2008-01-23 00:00:00,2008-03-11 10:17:22,"England","EC1R 0DU","1B08C428-170E-42C6-B237-54B42C7D79B6","3E3CB3F8-44B9-44D9-A1C3-CBFB11E0A7DA","#Error","ENG",14,14,10,1
"161",NA,162,"Laura","Steele","C",2003-01-28,FALSE,"5FF2682D-D7E7-48A3-9DEF-B60F0B8434FE",NA,NA,0,23859,11906,"3757 Brook Hollow Ct","# 101","Woodburn","US",FALSE,2008-03-31 00:00:00,2008-03-11 10:17:22,"Oregon","97071","1292BC6B-0E22-467D-8131-454548FD3D25","17EBF52E-94C8-4E7B-9EF3-5B6236763B49","#Error","OR",58,58,1,1
"162",NA,163,"Alex","Nayberg","M",2003-03-05,FALSE,"08CA0103-CA0E-4B52-A20F-590BA3FECDA8",NA,NA,1,23941,11916,"512 Palms Dr",NA,"Renton","US",FALSE,2008-06-08 00:00:00,2008-03-11 10:17:22,"Washington","98055","B407642D-A4DF-4D33-B8D8-69A51247D753","16274DF0-6F05-43A6-BC18-AD171017A1EB","#Error","WA",79,79,1,1
"163",NA,164,"Andrew","Cencini","M",2003-03-31,FALSE,"B1D33171-636C-440C-B4F6-F5F6F1EBBC70",NA,NA,0,23995,11926,"3076 Mount Dr",NA,"Grossmont","US",FALSE,2007-11-27 00:00:00,2008-03-11 10:17:22,"California","91941","8AA217E9-C17B-4830-A740-92ECD265C147","3B2FF23C-1C75-40AE-9093-F4EB42263F4E","#Error","CA",9,9,4,1
"164",NA,165,"Chris","Preston","T",2003-02-16,FALSE,"9F2D6941-1DE5-4076-9817-7ECCF6C47D55",NA,NA,0,24007,11936,"5679 Attic Lane","Unit A","San Diego","US",FALSE,2008-06-01 00:00:00,2008-03-11 10:17:22,"California","92102","26AF1FA6-8137-4F7E-A931-50F922F4C03E","3B2FF23C-1C75-40AE-9093-F4EB42263F4E","#Error","CA",9,9,4,1
"165",NA,166,"Jack","Richins","S",2003-03-18,FALSE,"8F9BCF96-29E1-4BED-9BF4-D8260AD0AF68",NA,NA,0,24177,11946,"64, route de Marseille",NA,"Cergy","FR",FALSE,2008-01-22 10:09:29,2002-06-01 00:00:00,"Val d'Oise","95000","47A301FF-DFD2-47C2-B706-6C28EDEDD9FE","E7580D97-910B-42B4-B4E2-72C8733889E0","#Error","95",181,181,7,1
"166",NA,167,"David","Johnson","N",2002-12-27,FALSE,"C2C7021B-3209-45F7-8560-B3132595F9DA",NA,NA,0,24250,11956,"Hüttenstr 6114",NA,"Salzgitter","DE",FALSE,2008-06-08 00:00:00,2008-03-11 10:17:22,"Hessen","38231","A1C0E9E9-D1C7-4037-B47F-6581305E395C","834FC3DF-B60D-4F94-95BD-AEF8A9FB74E8","#Error","HE",19,19,8,1
"167",NA,168,"Garrett","Young","R",2003-01-01,FALSE,"DA309209-A597-4D54-B717-D984B38975D1",NA,NA,2,24283,11966,"1289 Quiz St.",NA,"Sunbury","AU",FALSE,2007-01-15 00:00:00,2008-03-11 10:17:22,"Victoria","3429","78B33F0E-9B46-4B4A-A867-555247EBAB31","6A683928-8F1F-4369-A64A-60979E216824","#Error","VIC",77,77,9,1
"168",NA,169,"Susan","Metters","A",2003-01-08,FALSE,"D8414490-CA5B-4517-BBE9-7FBF4D696771",NA,NA,1,24301,11976,"3421 Gehringer Drive",NA,"Daly City","US",FALSE,2008-05-02 00:00:00,2008-03-11 10:17:22,"California","94015","CBFEC1F0-0C93-4FA3-9EFE-2F9BEECC10D9","3B2FF23C-1C75-40AE-9093-F4EB42263F4E","#Error","CA",9,9,4,1
"169",NA,170,"George","Li","Z",2003-01-15,FALSE,"E9E65DEB-797B-4B49-B41C-81F1DC593BB9",NA,NA,0,24305,11986,"Hauptstr 6057",NA,"Neunkirchen","DE",FALSE,2006-07-05 00:00:00,2008-03-11 10:17:22,"Saarland","66578","F4DEDB70-AFBC-4216-A0EF-4F90DC7D8C12","F555DD9E-A190-4DC4-9433-7FE257AA6E82","#Error","SL",70,70,8,1
"170",NA,171,"David","Yalovsky","A",2003-01-27,FALSE,"4C1F3E85-AEED-4A7D-A4FE-EEDFB750E45D",NA,NA,1,24365,11996,"Rykestr 2605",NA,"München","DE",FALSE,2007-06-14 00:00:00,2008-03-11 10:17:22,"Nordrhein-Westfalen","80074","E553A6B1-427D-44DC-B704-5D97B16CBAE0","C385B296-FBB7-44E1-9DED-23B7FBA346F0","#Error","NW",53,53,8,1
"171",NA,172,"Marc","Ingle","J",2003-02-10,FALSE,"8A6062D5-1C3A-46BF-A080-F6CF6090E5F0",NA,NA,2,24366,12006,"3675 Q St.",NA,"Chula Vista","US",FALSE,2007-12-12 00:00:00,2008-03-11 10:17:22,"California","91910","7AAA4025-AFC9-4BA3-9276-AA2D7D76AE63","3B2FF23C-1C75-40AE-9093-F4EB42263F4E","#Error","CA",9,9,4,1
"172",NA,173,"Eugene","Zabokritski","R",2003-02-15,FALSE,"1284B1A5-D53C-4BF9-9777-05108B207103",NA,NA,0,24457,12016,"217 Ram Circle",NA,"Sooke","CA",FALSE,2007-10-09 00:00:00,2008-03-11 10:17:22,"British Columbia","V0","C606AA06-05C9-482F-8557-7C501167F1B6","D27FCC6E-BB99-438B-BA86-285CEEB2FA53","#Error","BC",7,7,6,1
"173",NA,174,"Benjamin","Martin","R",2003-02-21,FALSE,"4430A64D-3D5D-423E-81B9-6C4F9ED88AB7",NA,NA,2,24478,12026,"6196 Nottingham Place","#313","Victoria","CA",FALSE,2007-12-21 00:00:00,2008-03-11 10:17:22,"British Columbia","V8V","05F3CBFD-AC5D-4A6C-A11E-C911AE620695","D27FCC6E-BB99-438B-BA86-285CEEB2FA53","#Error","BC",7,7,6,1
"174",NA,175,"Reed","Koch","T",2003-02-27,FALSE,"892F02CF-A623-4499-B850-1B46469B597E",NA,NA,0,24481,12036,"4701 Mt. Dell Drive",NA,"Portland","US",FALSE,2006-05-23 00:00:00,2008-03-11 10:17:22,"Oregon","97205","ED6E345C-96CA-4E34-873D-18959B4E5952","17EBF52E-94C8-4E7B-9EF3-5B6236763B49","#Error","OR",58,58,1,1
"175",NA,176,"David","Lawrence","Oliver",2003-03-11,FALSE,"0D4723B9-43E8-401D-BCBA-C7DCD8178B8C",NA,NA,0,24504,12046,"9828 Hook Court",NA,"Lynnwood","US",FALSE,2007-11-26 00:00:00,2008-03-11 10:17:22,"Washington","98036","0ED5A8BE-E45B-41E5-BB28-C7DAA8F7D3FE","16274DF0-6F05-43A6-BC18-AD171017A1EB","#Error","WA",79,79,1,1
"176",NA,177,"Russell","King","M",2003-03-18,FALSE,"2F67DE81-C40E-4234-8942-C77806FABFA3",NA,NA,0,24921,12056,"3770 Viewpoint Ct",NA,"Beverly Hills","US",FALSE,2008-05-07 00:00:00,2008-03-11 10:17:22,"California","90210","98340E27-BAC6-4C90-9859-67596048437A","3B2FF23C-1C75-40AE-9093-F4EB42263F4E","#Error","CA",9,9,4,1
"177",NA,178,"John","Frum","N",2003-03-28,FALSE,"CE13FF53-4465-4E3A-90DA-2FA0E8F19378",NA,NA,2,24922,12066,"9474 Old Mt. View Drive",NA,"London","GB",TRUE,2007-08-30 00:00:00,2008-03-11 10:17:22,"England","SW8 1XD","F50D39BD-53AD-49C6-A0AA-8C73EEECA2A2","3E3CB3F8-44B9-44D9-A1C3-CBFB11E0A7DA","#Error","ENG",14,14,10,1
"178",NA,179,"Jan","Miksovsky","S",2003-03-30,FALSE,"A0719EB6-7FC8-4DB8-A5DB-EA45A5BEF0E2",NA,NA,0,25127,12076,"2901 Sunny Ave",NA,"Rockhampton","AU",FALSE,2007-09-19 00:00:00,2008-03-11 10:17:22,"Queensland","4700","75D6711F-97CC-46E2-B6B2-B7C2622622FE","152658FA-AD59-4FA0-82A6-F76980F0183F","#Error","QLD",64,64,9,1
"179",NA,180,"Katie","McAskill-White","L",2003-03-17,FALSE,"FE4EC240-D091-4E90-8F70-E9467FAC3A18",NA,NA,2,25310,12086,"8083 Ridgewood Drive",NA,"Lincoln Acres","US",FALSE,2008-06-19 00:00:00,2008-03-11 10:17:22,"California","91950","ED701F6B-9B61-4BDB-960E-64A17BAC6830","3B2FF23C-1C75-40AE-9093-F4EB42263F4E","#Error","CA",9,9,4,1
"180",NA,181,"Michael","Hines","T",2003-01-03,FALSE,"B7004365-FDD8-4FCD-85FB-53A759447180",NA,NA,0,25608,12096,"5866 Military E",NA,"Townsville","AU",FALSE,2007-05-13 00:00:00,2008-03-11 10:17:22,"Queensland","4810","E024BABB-EC55-4650-9E4E-162E1C3803F8","152658FA-AD59-4FA0-82A6-F76980F0183F","#Error","QLD",64,64,9,1
"181",NA,182,"Nitin","Mirchandani","S",2003-01-22,FALSE,"4BEF5E3D-5C17-4B16-AAC9-8E3611A4FFE5",NA,NA,0,25779,12106,"9064 La Paz",NA,"Ballard","US",FALSE,2007-10-13 00:00:00,2008-03-11 10:17:22,"Washington","98107","56C5E70B-52B4-49AF-9C1F-3DE512BF5B62","16274DF0-6F05-43A6-BC18-AD171017A1EB","#Error","WA",79,79,1,1
"182",NA,183,"Barbara","Decker","S",2003-02-16,FALSE,"C175EA91-0A68-49DB-9827-B4528F77D630",NA,NA,0,25799,12116,"6820 Willow Pass Dr",NA,"Gloucestershire","GB",TRUE,2007-04-18 00:00:00,2008-03-11 10:17:22,"England","GL7 1RY","086CE93E-5A7F-42E9-9D2E-3A197BDA9E5F","3E3CB3F8-44B9-44D9-A1C3-CBFB11E0A7DA","#Error","ENG",14,14,10,1
"183",NA,184,"John","Chen","Y",2003-03-06,FALSE,"5E6EC398-C951-44A2-BEC7-DC1CD17FAACC",NA,NA,2,26013,12126,"4619 Ricardo Drive","# 233","Salem","US",FALSE,2006-07-19 00:00:00,2008-03-11 10:17:22,"Oregon","97301","062B5102-15E6-4008-B160-F778C7BBE108","17EBF52E-94C8-4E7B-9EF3-5B6236763B49","#Error","OR",58,58,1,1
"184",NA,185,"Stefen","Hesse","A",2003-03-25,FALSE,"266FCE92-5534-4AC1-B68C-ECD8CEFFCEBC",NA,NA,1,26310,12136,"7223 Cortez",NA,"Chula Vista","US",FALSE,2007-07-22 00:00:00,2008-03-11 10:17:22,"California","91910","15C4D0C0-6163-4B5F-A22E-3E24EE7C22D0","3B2FF23C-1C75-40AE-9093-F4EB42263F4E","#Error","CA",9,9,4,1
"185",NA,186,"Shane","Kim","S",2003-03-05,FALSE,"1432F3E8-7CCA-4C56-BDCB-02D5B0302BD9",NA,NA,2,26533,12146,"Holzstr 1333",NA,"Essen","DE",FALSE,2007-09-30 00:00:00,2008-03-11 10:17:22,"Hamburg","45001","D9E460BD-CF8B-4573-A79C-DB022031372A","1CC5A134-60D7-40C2-9269-CDA494214ABF","#Error","HH",20,20,8,1
"186",NA,187,"Yvonne","McKay","S",2003-01-03,FALSE,"F3A901C1-4D9F-4666-8726-C2C51643A5D6",NA,NA,0,26698,12156,"4583 Turning View",NA,"Redwood City","US",FALSE,2008-04-02 00:00:00,2008-03-11 10:17:22,"California","94063","3EB7B158-CBEF-4940-981F-9DBB535069E2","3B2FF23C-1C75-40AE-9093-F4EB42263F4E","#Error","CA",9,9,4,1
"187",NA,188,"Douglas","Hite","B",2003-01-21,FALSE,"4CE168C6-28FF-454D-887E-8F96BB2FBA93",NA,NA,1,26750,12166,"8682 Hungry Rd",NA,"Victoria","CA",FALSE,2008-04-30 00:00:00,2008-03-11 10:17:22,"British Columbia","V8V","FE9B894A-66D4-4E84-9861-04DE16CAAF5D","D27FCC6E-BB99-438B-BA86-285CEEB2FA53","#Error","BC",7,7,6,1
"188",NA,189,"Janeth","Esteves","M",2003-02-09,FALSE,"A5A5A995-AD0A-4F50-847D-1CA048F11EE3",NA,NA,1,26758,12176,"8601 Oakgrove Rd.",NA,"Lebanon","US",FALSE,2008-05-28 00:00:00,2008-03-11 10:17:22,"Oregon","97355","D815A0F1-BE88-4A05-BCF7-DEE7C0DBE397","17EBF52E-94C8-4E7B-9EF3-5B6236763B49","#Error","OR",58,58,1,1
"189",NA,190,"Robert","Rounthwaite","J",2003-02-27,FALSE,"FBF84B1A-3B42-40FE-8BF0-3094DCF25888",NA,NA,0,26862,12186,"8417 Estudello St.",NA,"Grossmont","US",FALSE,2007-04-27 00:00:00,2008-03-11 10:17:22,"California","91941","E4F935DC-649E-4691-BA73-E29188650B83","3B2FF23C-1C75-40AE-9093-F4EB42263F4E","#Error","CA",9,9,4,1
"190",NA,191,"Lionel","Penuchot","C",2003-03-23,FALSE,"55B6EB95-61ED-4458-9BFB-F0560F001970",NA,NA,1,26920,12196,"3544 Brush Creek Drive",NA,"Edmonds","US",FALSE,2005-12-26 00:00:00,2008-03-11 10:17:22,"Washington","98020","A23D0A45-6573-4CAC-BEED-831101AF6A37","16274DF0-6F05-43A6-BC18-AD171017A1EB","#Error","WA",79,79,1,1
"191",NA,192,"Brenda","Diaz","M",2003-03-30,FALSE,"056BBD40-CDF0-428D-B12D-9FFB0FF5FEAE",NA,NA,1,26995,12206,"8914 Elkwood Dr.",NA,"Concord","US",FALSE,2007-12-05 00:00:00,2008-03-11 10:17:22,"California","94519","67F2F5B5-4EB3-4D63-B923-0F4EC311ACF5","3B2FF23C-1C75-40AE-9093-F4EB42263F4E","#Error","CA",9,9,4,1
"192",NA,193,"Alejandro","McGuel","E",2002-12-31,FALSE,"F38E101D-B360-4876-8E8F-07726E85AE5D",NA,NA,0,27056,12216,"Auf dem Ufer 424",NA,"Kassel","DE",FALSE,2008-01-27 00:00:00,2008-03-11 10:17:22,"Hessen","34117","61AE59DB-1506-4458-8A24-823A170A8911","834FC3DF-B60D-4F94-95BD-AEF8A9FB74E8","#Error","HE",19,19,8,1
"193",NA,194,"Fred","Northup","T",2003-01-06,FALSE,"E28C41D6-D9BA-455D-B91D-E3C9F7B535E2",NA,NA,0,27074,12226,"90 Toyon Dr.",NA,"Burlingame","US",FALSE,2007-11-29 00:00:00,2008-03-11 10:17:22,"California","94010","D07A94BA-7319-45CE-BF0A-C54DEACA036C","3B2FF23C-1C75-40AE-9093-F4EB42263F4E","#Error","CA",9,9,4,1
"194",NA,195,"Kevin","Liu","H",2003-01-11,FALSE,"14AFAE63-9C86-4E23-B82E-5AAD4DBD1963",NA,NA,2,27086,12236,"2614 Park Glen Ct.",NA,"Hobart","AU",FALSE,2008-04-11 00:00:00,2008-03-11 10:17:22,"Tasmania","7001","5787007C-E5CF-4323-B190-03965D14860B","2DB59B03-9F19-4D12-ACEF-974016827BE1","#Error","TAS",71,71,9,1
"195",NA,196,"Shammi","Mohamed","G",2003-01-18,FALSE,"923FDAEC-6DB1-42A7-9840-D9D335996596",NA,NA,0,27107,12246,"9063 Vista Aven.",NA,"Haney","CA",FALSE,2007-08-01 00:00:00,2008-03-11 10:17:22,"British Columbia","V2W 1W2","F7870C95-9DA1-4ADB-A221-3A7EDFB4B292","D27FCC6E-BB99-438B-BA86-285CEEB2FA53","#Error","BC",7,7,6,1
"196",NA,197,"Rajesh","Patel","M",2003-01-25,FALSE,"CCC3C607-1E9B-4E62-8064-0B89594472F3",NA,NA,1,27117,12256,"4190 Trujillo",NA,"Sedro Woolley","US",FALSE,2007-09-04 00:00:00,2008-03-11 10:17:22,"Washington","98284","EA7312A5-6DCB-4EFA-995F-B72E755933D2","16274DF0-6F05-43A6-BC18-AD171017A1EB","#Error","WA",79,79,1,1
"197",NA,198,"Lorraine","Nay","O",2003-01-29,FALSE,"35495D48-03AF-492F-BEE5-FDA7B3E61970",NA,NA,1,27184,12266,"39, avenue des Laurentides",NA,"Dunkerque","FR",FALSE,2008-01-22 10:09:29,2002-06-01 00:00:00,"Nord","59140","3D0E8D7B-B8B9-4AC3-9B84-A7C8254CA71D","70943DE7-D74A-4DE7-8DCF-3FEA66EFCFDB","#Error","59",145,145,7,1
"198",NA,199,"Paula","Nartker","R",2003-02-06,FALSE,"D6FF616B-A950-48D2-8CC0-0E7F5A9ECDA0",NA,NA,1,27234,12276,"8, rue de l´Esplanade",NA,"Dunkerque","FR",FALSE,2008-01-22 10:09:29,2002-06-01 00:00:00,"Nord","59140","654790F5-8CB6-4D14-B4F5-4741192AF726","70943DE7-D74A-4DE7-8DCF-3FEA66EFCFDB","#Error","59",145,145,7,1
"199",NA,200,"Frank","Lee","T",2003-02-11,FALSE,"8025020E-4FF8-488B-99CA-74640E1F8DAE",NA,NA,0,27273,12286,"9056 Mount Dr",NA,"Chula Vista","US",FALSE,2008-01-30 00:00:00,2008-03-11 10:17:22,"California","91910","08614D4D-32F4-4696-B6E4-8BC2BBC45E5E","3B2FF23C-1C75-40AE-9093-F4EB42263F4E","#Error","CA",9,9,4,1
"200",NA,201,"Brian","Lloyd","T",2003-02-23,FALSE,"A3A2494B-F92D-473E-BFDA-FC3FE406E134",NA,NA,0,27274,12296,"6535 Warmcastle Ct.",NA,"Ballard","US",FALSE,2007-08-27 00:00:00,2008-03-11 10:17:22,"Washington","98107","F5D3FB96-A240-489D-98EB-7EEF185E7622","16274DF0-6F05-43A6-BC18-AD171017A1EB","#Error","WA",79,79,1,1
"201",NA,202,"Tawana","Nusbaum","G",2003-03-02,FALSE,"63B57674-1205-41A1-A532-8E6C9F38E48D",NA,NA,0,27279,12306,"1158 Roundtree Place",NA,"Spokane","US",FALSE,2008-03-04 00:00:00,2008-03-11 10:17:22,"Washington","99202","DB579D4A-FC33-43CB-A40E-ED91DA289FE9","16274DF0-6F05-43A6-BC18-AD171017A1EB","#Error","WA",79,79,1,1
"202",NA,203,"Ken","Myer","L",2003-03-21,FALSE,"981FCDB7-9792-463D-BF1F-F1B4CED52473",NA,NA,1,27285,12316,"1331 H St.",NA,"Grossmont","US",FALSE,2007-08-20 00:00:00,2008-03-11 10:17:22,"California","91941","0FAC78B0-7182-4621-8239-EE0FE2209B7F","3B2FF23C-1C75-40AE-9093-F4EB42263F4E","#Error","CA",9,9,4,1
"203",NA,204,"Gabe","Mares","B",2003-04-02,FALSE,"0F0FA05E-E101-47E4-9BF7-1E0790B68E00",NA,NA,0,27295,12326,"6417 Del Rey St",NA,"Spring Valley","US",FALSE,2008-04-09 00:00:00,2008-03-11 10:17:22,"California","91977","1627963D-8E94-431A-9410-AB6387A06C96","3B2FF23C-1C75-40AE-9093-F4EB42263F4E","#Error","CA",9,9,4,1
"204",NA,205,"Lori","Kane","A",2003-03-23,FALSE,"6F059DF8-BB13-4CD0-ABE1-D3E6688CEDD1",NA,NA,0,27338,12336,"2572 H Street",NA,"Portland","US",FALSE,2006-01-19 00:00:00,2008-03-11 10:17:22,"Oregon","97205","81E59331-4979-47FE-B865-C515E63A4A53","17EBF52E-94C8-4E7B-9EF3-5B6236763B49","#Error","OR",58,58,1,1
"205",NA,206,"Stuart","Munson","V",2002-12-27,FALSE,"CE75C8B6-EAC8-4B18-96FA-8182AD7233CD",NA,NA,2,27431,12346,"6488 Dublin Blvd.",NA,"North Sydney","AU",FALSE,2006-03-15 00:00:00,2008-03-11 10:17:22,"New South Wales","2055","3FD73A3B-7051-4EA3-BFB1-2F9BBD4A2BD2","9910DD7E-A4C5-4599-86F5-9F581B53A92D","#Error","NSW",50,50,9,1
"206",NA,207,"Greg","Alderson","F",2002-12-27,FALSE,"F3A921DD-55EB-46EB-A94D-68F4B080A388",NA,NA,0,27447,12356,"3410 Meadowbrook Dr.",NA,"Yakima","US",FALSE,2008-01-01 00:00:00,2008-03-11 10:17:22,"Washington","98901","4E76BCDC-80B1-47DB-88A4-29C3C1DC5652","16274DF0-6F05-43A6-BC18-AD171017A1EB","#Error","WA",79,79,1,1
"207",NA,208,"Scott","Gode","R",2003-02-02,FALSE,"1BECEC23-19F8-4B73-A404-12CCBCFAD66E",NA,NA,0,27490,12366,"482 ViewPoint Court",NA,"Bellingham","US",FALSE,2007-10-23 00:00:00,2008-03-11 10:17:22,"Washington","98225","36C76843-D4C8-4EBF-B62A-93032C1699B5","16274DF0-6F05-43A6-BC18-AD171017A1EB","#Error","WA",79,79,1,1
"208",NA,209,"Kathie","Flood","E",2003-02-21,FALSE,"3BA601AE-2918-4936-9380-FD4C4F15DEA4",NA,NA,0,27540,12376,"501, rue Henri Gagnon",NA,"Saint Ouen","FR",FALSE,2008-01-22 10:09:29,2002-06-01 00:00:00,"Loir et Cher","41100","F0FEE76D-3BA3-40BD-91A0-D5710E99672F","17EC707A-33F7-4261-86CB-9641C2927172","#Error","41",127,127,7,1
"209",NA,210,"Belinda","Newman","M",2003-03-17,FALSE,"FA3467EB-B6EE-43A7-8BDD-15AFE14F2738",NA,NA,2,27602,12386,"8, rue des Ecoles",NA,"Suresnes","FR",FALSE,2008-01-22 10:09:29,2002-06-01 00:00:00,"Hauts de Seine","92150","E876F59D-520B-463E-9E19-A8AC89397362","F8FD6D62-A913-4F10-9E42-D348EDA02BD9","#Error","92",178,178,7,1
"210",NA,211,"Hazem","Abolrous","E",2003-03-25,FALSE,"C2637051-25A5-4461-B06A-523119259430",NA,NA,0,27800,12396,"75, rue du Départ",NA,"Orleans","FR",FALSE,2008-01-22 10:09:29,2002-06-01 00:00:00,"Loiret","45000","C36B87E3-3BC4-4BE8-930E-BC0EE8C224F3","CC67B8C0-BAB9-4978-8B61-FA985AE094E1","#Error","45",131,131,7,1
"211",NA,212,"Peng","Wu","J",2003-01-03,FALSE,"24B9C3C3-A06D-44FA-AA24-34DDD3ABF62C",NA,NA,2,27820,12406,"306 Winter Drive","# 4d","Imperial Beach","US",FALSE,2006-12-17 00:00:00,2008-03-11 10:17:22,"California","91932","ADF0F62D-68FD-4E10-876F-8E9887D1EAD9","3B2FF23C-1C75-40AE-9093-F4EB42263F4E","#Error","CA",9,9,4,1
"212",NA,213,"Sootha","Charncherngkha","T",2004-03-19,FALSE,"C334506C-197B-4010-935E-AEE740818BC9",NA,NA,0,28904,12416,"3507 Olive Dr.",NA,"Woodland Hills","US",FALSE,2007-05-08 00:00:00,2008-03-11 10:17:22,"California","91364","E8850253-E7C5-4A48-BE77-ACCE7AA09551","3B2FF23C-1C75-40AE-9093-F4EB42263F4E","#Error","CA",9,9,4,1
"213",NA,214,"Andreas","Berglund","T",2003-02-27,FALSE,"4F896936-FBF8-4120-BC87-62CCF30D09DB",NA,NA,0,29287,12426,"8079 Precipice Drive",NA,"London","GB",TRUE,2008-04-12 00:00:00,2008-03-11 10:17:22,"England","E17 6JF","C172C319-D59F-4F24-A9A9-0A67B163CFAE","3E3CB3F8-44B9-44D9-A1C3-CBFB11E0A7DA","#Error","ENG",14,14,10,1
"214",NA,215,"Mark","Harrington","L",2003-02-09,FALSE,"494202A4-EE2D-406B-974F-85B70FE0889B",NA,NA,0,29380,12436,"2098 Crown Ct","# 235","Matraville","AU",FALSE,2006-10-02 00:00:00,2008-03-11 10:17:22,"New South Wales","2036","5004D8CA-A223-4284-85A1-88170E76DE50","9910DD7E-A4C5-4599-86F5-9F581B53A92D","#Error","NSW",50,50,9,1
"215",NA,216,"Sean","Alexander","P",2003-01-22,FALSE,"AA6F6C92-C6B0-4C05-B3A3-90887A88DE0F",NA,NA,2,29412,12446,"2260 Clear Court",NA,"Coronado","US",FALSE,2008-01-11 00:00:00,2008-03-11 10:17:22,"California","92118","B0FBCE4B-A7D7-47F2-B182-B50E046F0430","3B2FF23C-1C75-40AE-9093-F4EB42263F4E","#Error","CA",9,9,4,1
"216",NA,217,"Zainal","Arifin","T",2003-01-29,FALSE,"989DB0AC-1E7B-4CC8-B90F-1799172ED3AA",NA,NA,1,29508,12456,"87, rue de la Comédie",NA,"Villeneuve-d'Ascq","FR",FALSE,2008-01-22 10:09:29,2002-06-01 00:00:00,"Nord","59491","8F3C392A-A794-4FF4-B023-4BC251A155D3","70943DE7-D74A-4DE7-8DCF-3FEA66EFCFDB","#Error","59",145,145,7,1
"217",NA,218,"Tengiz","Kharatishvili","N",2003-01-10,FALSE,"06CFED75-E8F0-4E81-871A-4368D9B9F73E",NA,NA,1,29515,12466,"4617 Sheppard Way",NA,"Saint Germain en Laye","FR",FALSE,2008-01-22 10:09:29,2002-06-01 00:00:00,"Yveline","78100","9C80226E-4D99-440D-A1FF-DE5DBE980066","A111EB2E-3217-485A-A510-673C0843C615","#Error","78",164,164,7,1
"218",NA,219,"Sean","Chai","N",2003-02-16,FALSE,"93D0906B-B2D7-486F-BD14-9A126BE82AB6",NA,NA,0,29530,12476,"6416 Co Road",NA,"Port Hammond","CA",FALSE,2007-11-18 00:00:00,2008-03-11 10:17:22,"British Columbia","V6B 3P7","5F6E704D-4A7E-411A-8336-3A59109AD5F0","D27FCC6E-BB99-438B-BA86-285CEEB2FA53","#Error","BC",7,7,6,1
"219",NA,220,"Karen","Berge","R",2003-03-06,FALSE,"20B3CF90-BA00-4DBF-8026-A028742DC328",NA,NA,0,29533,12486,"6984 Wardlow Lane","# 116","Beverly Hills","US",FALSE,2006-02-08 00:00:00,2008-03-11 10:17:22,"California","90210","ADC30C94-C7BD-4176-AFE4-C2A968A32884","3B2FF23C-1C75-40AE-9093-F4EB42263F4E","#Error","CA",9,9,4,1
"220",NA,221,"Chris","Norred","K",2003-03-31,FALSE,"B35192A9-15AC-4B64-9039-BB3F8566AF55",NA,NA,0,29535,12496,"7484 Lacanda Ct.",NA,"Glendale","US",FALSE,2007-12-18 00:00:00,2008-03-11 10:17:22,"California","91203","3AD2D248-A1D0-47FA-B593-415AF0A2A9B7","3B2FF23C-1C75-40AE-9093-F4EB42263F4E","#Error","CA",9,9,4,1
"221",NA,222,"A. Scott","Wright",NA,2003-01-06,FALSE,"90CC98B7-6054-4AB5-844E-3ECCB8A73070",NA,NA,0,29538,12506,"9152 Rogers Ave.",NA,"Lemon Grove","US",FALSE,2007-07-25 00:00:00,2008-03-11 10:17:22,"California","91945","29D33A87-5AF1-4579-AE1B-0AA62A218D65","3B2FF23C-1C75-40AE-9093-F4EB42263F4E","#Error","CA",9,9,4,1
"222",NA,223,"Sairaj","Uddin","L",2003-02-20,FALSE,"4F2F3EEF-B0A5-44B9-ADD9-424C26A77BF9",NA,NA,0,29547,12516,"79, rue de la Comédie",NA,"Chatou","FR",FALSE,2008-01-22 10:09:29,2002-06-01 00:00:00,"Yveline","78400","FFEA46F1-A2C6-47E7-92E9-5216E3EE2F16","A111EB2E-3217-485A-A510-673C0843C615","#Error","78",164,164,7,1
"223",NA,224,"William","Vong","S",2003-02-01,FALSE,"B42F3DDD-01D6-4701-91C0-2F6D9E8847C6",NA,NA,2,29568,12526,"33bis, rue des Peupliers",NA,"Drancy","FR",FALSE,2008-01-22 10:09:29,2002-06-01 00:00:00,"Seine Saint Denis","93700","03D4ED8A-BF57-4F0E-8994-B30A6293A0F1","466C15BC-46EC-427D-99DB-98C380634527","#Error","93",179,179,7,1
"224",NA,225,"Alan","Brewer","J",2003-03-10,FALSE,"72331C0F-994F-4494-ABFC-AA129DA85635",NA,NA,0,29571,12536,"Am Gallberg 2667",NA,"Paderborn","DE",FALSE,2007-11-06 00:00:00,2008-03-11 10:17:22,"Nordrhein-Westfalen","33098","017BC01D-CCD7-42B6-A97C-DD2F2A900802","C385B296-FBB7-44E1-9DED-23B7FBA346F0","#Error","NW",53,53,8,1
"225",NA,226,"Brian","LaMee","P",2003-03-28,FALSE,"3F4225C1-7833-43D7-A485-BDCEE84553BF",NA,NA,0,29584,12546,"Herzogstr 5772",NA,"Paderborn","DE",FALSE,2006-03-07 00:00:00,2008-03-11 10:17:22,"Nordrhein-Westfalen","33098","078CA841-BDE6-4B76-8FE4-D0C7408A6116","C385B296-FBB7-44E1-9DED-23B7FBA346F0","#Error","NW",53,53,8,1
"226",NA,227,"Gary","Altman","E.",2003-12-27,FALSE,"A131E984-DD98-4D19-91FF-9A9BB57CDA99","III",NA,0,29588,12556,"Räuscherweg 664",NA,"Solingen","DE",FALSE,2007-09-02 00:00:00,2008-03-11 10:17:22,"Nordrhein-Westfalen","42651","97A201AE-68B9-49C8-9C1D-C361E1F08F46","C385B296-FBB7-44E1-9DED-23B7FBA346F0","#Error","NW",53,53,8,1
"227",NA,228,"Christian","Kleinerman","E",2003-01-08,FALSE,"32852137-66C8-4BE4-B6CF-3C094534DA9B",NA,NA,0,29590,12566,"4185 River Ash Court",NA,"York","GB",TRUE,2008-02-23 00:00:00,2008-03-11 10:17:22,"England","YO15","EE04B2C6-3794-4214-B05B-B1347F6343CE","3E3CB3F8-44B9-44D9-A1C3-CBFB11E0A7DA","#Error","ENG",14,14,10,1
"228",NA,229,"Lori","Penor","K",2004-03-12,FALSE,"327A5C9F-3DFC-4775-8375-368A5A29FE16",NA,NA,0,29593,12576,"8892 Oak Grove Road",NA,"Redwood City","US",FALSE,2008-01-18 00:00:00,2008-03-11 10:17:22,"California","94063","278085F1-31CB-4B82-A4FA-6BC07E10F3F8","3B2FF23C-1C75-40AE-9093-F4EB42263F4E","#Error","CA",9,9,4,1
"229",NA,230,"Stuart","Macrae","J",2004-03-29,FALSE,"991FB7CC-704B-4EDE-9C8E-2615EB3F56BF",NA,NA,0,29613,12586,"238 Montego",NA,"Coffs Harbour","AU",FALSE,2008-05-01 00:00:00,2008-03-11 10:17:22,"New South Wales","2450","8D422580-2D9C-49AD-B17E-C5D7B61578AB","9910DD7E-A4C5-4599-86F5-9F581B53A92D","#Error","NSW",50,50,9,1
"230",NA,231,"Jo","Berry","L",2004-03-31,FALSE,"196CBA72-3810-435A-9A52-57A5E276293B",NA,NA,0,29614,12596,"3632 Bank Way",NA,"San Gabriel","US",FALSE,2008-04-22 00:00:00,2008-03-11 10:17:22,"California","91776","8094452D-CFCC-421F-9FC8-FE7AFE55F654","3B2FF23C-1C75-40AE-9093-F4EB42263F4E","#Error","CA",9,9,4,1
"231",NA,232,"Pat","Coleman","H",2004-02-21,FALSE,"D703625A-CFB0-4B32-BCF6-F58185E71A7C",NA,NA,0,29617,12606,"5253 Big Canyon Rd.",NA,"Birmingham","GB",TRUE,2007-01-05 00:00:00,2008-03-11 10:17:22,"England","B29 6SL","B177E268-9E22-4505-97D4-D4219112F73D","3E3CB3F8-44B9-44D9-A1C3-CBFB11E0A7DA","#Error","ENG",14,14,10,1
"232",NA,233,"Magnus","Hedlund","E",2004-01-15,FALSE,"615A2903-C6D2-4265-A8E6-471DEC449224",NA,NA,0,29626,12616,"2466 Clearland Circle",NA,"Chula Vista","US",FALSE,2007-10-25 00:00:00,2008-03-11 10:17:22,"California","91910","3E4EDA2C-0927-416D-8AE8-27B259829AAF","3B2FF23C-1C75-40AE-9093-F4EB42263F4E","#Error","CA",9,9,4,1
"233",NA,234,"Laura","Norman","F",2003-02-25,FALSE,"4603A371-EE90-4D87-9C25-A13CE3F190A0",NA,NA,1,29647,12626,"2679 Eagle Peak","#7","N. Vancouver","CA",FALSE,2007-02-06 00:00:00,2008-03-11 10:17:22,"British Columbia","V7L 4J4","172ADAD0-1894-4049-A43F-0A7BCA3A8956","D27FCC6E-BB99-438B-BA86-285CEEB2FA53","#Error","BC",7,7,6,1
"234",NA,235,"Paula","Barreto de Mattos","M",2002-12-31,FALSE,"8E952C09-C7C4-4D51-A8CB-36C44C949A0B",NA,NA,2,29654,12636,"Hans-Rosenthal-Platz 502",NA,"München","DE",FALSE,2007-10-10 00:00:00,2008-03-11 10:17:22,"Hessen","80074","DD4DD23A-6C91-497F-9D58-1A1BDC13D69E","834FC3DF-B60D-4F94-95BD-AEF8A9FB74E8","#Error","HE",19,19,8,1
"235",NA,236,"Grant","Culbertson","N",2003-03-22,FALSE,"242E654F-CFF1-495C-A408-1AAF2A8A0BA7",NA,NA,2,29657,12646,"74, rue de Terre Neuve",NA,"Les Ulis","FR",FALSE,2008-01-22 10:09:29,2002-06-01 00:00:00,"Essonne","91940","6EF65497-ABCA-4255-8DDB-7B827EF1AA51","35894A81-C267-4511-A706-99EA2C08181F","#Error","91",177,177,7,1
"236",NA,237,"Hao","Chen","O",2003-03-03,FALSE,"11C53AD9-2D74-480F-8D83-6AA37B1F52E1",NA,NA,0,29659,12656,"Kappellweg 613",NA,"Bottrop","DE",FALSE,2007-12-13 00:00:00,2008-03-11 10:17:22,"Nordrhein-Westfalen","46236","DB2FB5D4-47E5-491E-B247-0C27FC904BA5","C385B296-FBB7-44E1-9DED-23B7FBA346F0","#Error","NW",53,53,8,1
"237",NA,238,"Vidur","Luthra","X",2003-01-26,FALSE,"E10218F6-99DE-462D-BDBD-28BDDEA8693A",NA,NA,0,29663,12666,"19, avenue de la Gare",NA,"Les Ulis","FR",FALSE,2008-01-22 10:09:29,2002-06-01 00:00:00,"Essonne","91940","CB370A7D-DD8A-497D-A6A2-5992F1F24F36","35894A81-C267-4511-A706-99EA2C08181F","#Error","91",177,177,7,1
"238",NA,239,"Mindy","Martin","C",2003-01-19,FALSE,"B903A253-A5CB-4C38-AA41-BC77CBA65BB3",NA,NA,0,29667,12676,"3123 Bonita Ave",NA,"Brisbane","AU",FALSE,2006-04-23 00:00:00,2008-03-11 10:17:22,"Queensland","4000","7FC1B095-7C42-42A9-8832-00ACF895271C","152658FA-AD59-4FA0-82A6-F76980F0183F","#Error","QLD",64,64,9,1
"239",NA,240,"Willis","Johnson","T",2003-01-07,FALSE,"3B808CDB-0372-409A-AE40-C2177A7DB2B6",NA,NA,0,29694,12686,"1748 Bird Drive",NA,"Salem","US",FALSE,2008-02-06 00:00:00,2008-03-11 10:17:22,"Oregon","97301","B8A8A14F-8EBE-4DA6-8037-7C65054594FE","17EBF52E-94C8-4E7B-9EF3-5B6236763B49","#Error","OR",58,58,1,1
"240",NA,241,"David","Liu","J",2003-02-24,FALSE,"F766DCB5-CAE1-4164-B313-D597EFB41C96",NA,NA,0,29699,12696,"78, rue de l´Esplanade",NA,"Bobigny","FR",FALSE,2008-01-22 10:09:29,2002-06-01 00:00:00,"Seine Saint Denis","93000","F2BFE5CE-711B-4432-8C2D-BBF5DE8BD9BC","466C15BC-46EC-427D-99DB-98C380634527","#Error","93",179,179,7,1
"241",NA,242,"Deborah","Poe","E",2003-01-12,FALSE,"9236BDD4-DE3E-43BE-BB3C-22E377A2FFA6",NA,NA,0,29704,12706,"6793 Longview Road",NA,"Vancouver","CA",FALSE,2007-12-22 00:00:00,2008-03-11 10:17:22,"British Columbia","V7L 4J4","EA321EA1-A9ED-4F0D-982F-DE36BB64DE82","D27FCC6E-BB99-438B-BA86-285CEEB2FA53","#Error","BC",7,7,6,1
"242",NA,243,"Candy","Spoon","L",2003-01-31,FALSE,"303047DF-CC05-4C50-813F-BE67719AB00E",NA,NA,0,29705,12716,"426 San Rafael",NA,"Lebanon","US",FALSE,2007-11-26 00:00:00,2008-03-11 10:17:22,"Oregon","97355","CD424564-31B2-4FDD-9BB8-0BF462AADBA5","17EBF52E-94C8-4E7B-9EF3-5B6236763B49","#Error","OR",58,58,1,1
"243",NA,244,"Bryan","Walton","A",2003-02-18,FALSE,"014BC84D-E05A-4A97-BD3E-CB21A3522DA5",NA,NA,0,29707,12726,"9192 High Maple Court",NA,"York","GB",TRUE,2007-11-23 00:00:00,2008-03-11 10:17:22,"England","Y03 4TN","7F95B4ED-E80C-4501-8581-08F64EA2C6BE","3E3CB3F8-44B9-44D9-A1C3-CBFB11E0A7DA","#Error","ENG",14,14,10,1
"244",NA,245,"Barbara","Moreland","C",2003-03-15,FALSE,"F2CC060C-A8CB-4A93-99E3-5B9D47F00F9C",NA,NA,0,29716,12736,"8162 Olympic Dr.",NA,"North Ryde","AU",FALSE,2006-06-06 00:00:00,2008-03-11 10:17:22,"New South Wales","2113","C004795E-DCDF-49DF-A0D4-162C1CA03031","9910DD7E-A4C5-4599-86F5-9F581B53A92D","#Error","NSW",50,50,9,1
"245",NA,246,"Dragan","Tomic","K",2003-03-08,FALSE,"6CBF1558-FAF0-4A54-94E9-6AF835225872",NA,NA,1,29717,12746,"7653 Fall Creek Road",NA,"Salem","US",FALSE,2008-04-17 00:00:00,2008-03-11 10:17:22,"Oregon","97301","E747FF44-4C70-479B-9C6C-710E886FC988","17EBF52E-94C8-4E7B-9EF3-5B6236763B49","#Error","OR",58,58,1,1
"246",NA,247,"Janet","Sheperdigian","L",2003-03-26,FALSE,"D24AFF04-1200-43DF-A211-F28F2A8E753F",NA,NA,0,29746,12756,"991 Vista Verde",NA,"El Cajon","US",FALSE,2007-11-17 00:00:00,2008-03-11 10:17:22,"California","92020","A56D8060-9187-4222-AC7C-D42845F84901","3B2FF23C-1C75-40AE-9093-F4EB42263F4E","#Error","CA",9,9,4,1
"247",NA,248,"Mike","Seamans","K",2003-04-02,FALSE,"AECB0EBA-B17A-41ED-AC2E-076EDA87F5E4",NA,NA,2,29753,12766,"771 Northridge Drive","# 495","Downey","US",FALSE,2007-08-10 00:00:00,2008-03-11 10:17:22,"California","90241","3401F475-7BA0-4057-B1D2-F5D2CE820459","3B2FF23C-1C75-40AE-9093-F4EB42263F4E","#Error","CA",9,9,4,1
"248",NA,249,"Wendy","Kahn","Beth",2003-01-19,FALSE,"A4F5869C-E86D-46BD-BAAC-1B4FAF4CD920",NA,NA,2,29756,12776,"2693 Dance Court",NA,"Spokane","US",FALSE,2007-08-23 00:00:00,2008-03-11 10:17:22,"Washington","99202","F60D878A-D6B4-4531-8B93-722F30AC2267","16274DF0-6F05-43A6-BC18-AD171017A1EB","#Error","WA",79,79,1,1
"249",NA,250,"Sheela","Word","H",2005-03-21,FALSE,"73BEA116-6235-48CB-94A5-58FA56994640",NA,NA,0,29758,12786,"7820 Bird Drive",NA,"Redwood City","US",FALSE,2008-04-13 00:00:00,2008-03-11 10:17:22,"California","94063","3CFDD39B-04CC-42FC-B09E-BAF3F3C6BD9C","3B2FF23C-1C75-40AE-9093-F4EB42263F4E","#Error","CA",9,9,4,1
"250",NA,251,"Mikael","Sandberg","Q",2003-03-07,FALSE,"D4285D37-ED4C-4A8B-AEDE-D6DBD37CC76F",NA,NA,2,29761,12796,"8434 Kenmore",NA,"Birmingham","GB",TRUE,2005-12-15 00:00:00,2008-03-11 10:17:22,"England","B29 6SL","C543F196-F252-45FC-8BD8-3D8B3CD9370D","3E3CB3F8-44B9-44D9-A1C3-CBFB11E0A7DA","#Error","ENG",14,14,10,1
"251",NA,252,"Arvind","Rao","B",2003-03-25,FALSE,"E70B4E15-AB90-483F-A417-D0A8E66D35FB",NA,NA,0,29783,12806,"3831 Golden Gate Way","# 203","Colma","US",FALSE,2008-01-29 00:00:00,2008-03-11 10:17:22,"California","94014","87ED5176-A0CC-4ED0-AEDE-1BCA8028C658","3B2FF23C-1C75-40AE-9093-F4EB42263F4E","#Error","CA",9,9,4,1
"252",NA,253,"Linda","Meisner","P",2004-01-11,FALSE,"F78F14D7-8E98-4925-821C-BE69B7A2C4BA",NA,NA,0,29784,12816,"1884 Scramble Road",NA,"Lakewood","US",FALSE,2006-07-17 00:00:00,2008-03-11 10:17:22,"California","90712","7CAFB47A-012A-4610-BE84-D5060D56A06B","3B2FF23C-1C75-40AE-9093-F4EB42263F4E","#Error","CA",9,9,4,1
"253",NA,254,"Fukiko","Ogisu","J",2004-01-29,FALSE,"9F5E4E33-E097-483A-8B74-FA4D7E54EC56",NA,NA,0,29789,12826,"1803 Olive Hill",NA,"Milwaukie","US",FALSE,2007-12-20 00:00:00,2008-03-11 10:17:22,"Oregon","97222","3C753D20-A496-424C-A535-58259EEDAD02","17EBF52E-94C8-4E7B-9EF3-5B6236763B49","#Error","OR",58,58,1,1
"254",NA,255,"Gordon","Hee","L",2004-02-05,FALSE,"67925187-A9C0-4F6A-A377-653FFD3C50DF",NA,NA,0,29818,12836,"54, rue Philibert-Delorme",NA,"Roubaix","FR",FALSE,2008-01-22 10:09:29,2002-06-01 00:00:00,"Nord","59100","414FF153-5820-43E4-B6D2-ACFEB6B6A381","70943DE7-D74A-4DE7-8DCF-3FEA66EFCFDB","#Error","59",145,145,7,1
"255",NA,256,"Frank","Pellow","S",2004-02-17,FALSE,"1FE09286-926C-4528-8D83-C0816F5F8521",NA,NA,0,29828,12846,"1162 Park Glenn",NA,"Walla Walla","US",FALSE,2006-11-19 00:00:00,2008-03-11 10:17:22,"Washington","99362","A0ED54D0-74A4-427C-806C-D2AC3D6E4531","16274DF0-6F05-43A6-BC18-AD171017A1EB","#Error","WA",79,79,1,1
"256",NA,258,"Erin","Hagens","M",2004-02-25,FALSE,"09E5B805-A275-473F-8B8B-00673AEF252D",NA,NA,0,29842,12866,"9699 Gilardy Drive",NA,"Cliffside","CA",FALSE,2006-06-28 00:00:00,2008-03-11 10:17:22,"British Columbia","V8Y 1L1","ED094749-0E5E-457A-9B0B-0BD1F1EF192E","D27FCC6E-BB99-438B-BA86-285CEEB2FA53","#Error","BC",7,7,6,1
"257",NA,260,"Annette","Hill","L",2004-12-30,FALSE,"D69499B6-7467-4D5D-A89D-F116E5752444",NA,NA,1,29850,12886,"6999 Icicle Ct.",NA,"San Diego","US",FALSE,2006-09-16 00:00:00,2008-03-11 10:17:22,"California","92102","3994D866-C907-47A0-AB18-D145D65FB599","3B2FF23C-1C75-40AE-9093-F4EB42263F4E","#Error","CA",9,9,4,1
"258",NA,261,"Reinout","Hillmann","N",2005-01-18,FALSE,"BA53CB03-00ED-4650-82F6-3680524AAB3F",NA,NA,2,29855,12896,"3287 Corte Poquito","# 2","Salem","US",FALSE,2008-04-16 00:00:00,2008-03-11 10:17:22,"Oregon","97301","19E460C6-60A4-4421-93C3-320EDFBAB9F2","17EBF52E-94C8-4E7B-9EF3-5B6236763B49","#Error","OR",58,58,1,1
"259",NA,262,"David","Barber","M",2003-02-06,FALSE,"43BE0580-122B-4FDF-8B15-FD286A18E97A",NA,NA,0,29863,12906,"8886 Marsh Drive",NA,"Port Hammond","CA",FALSE,2008-02-09 00:00:00,2008-03-11 10:17:22,"British Columbia","V6B 3P7","75D4D57A-89D6-47AB-8466-8677334949F2","D27FCC6E-BB99-438B-BA86-285CEEB2FA53","#Error","BC",7,7,6,1
"260",NA,263,"Jean","Trenary","E",2003-01-05,FALSE,"0AA3878D-0F9F-4F2A-942F-8B46C9B57C0A",NA,NA,2,29891,12916,"313, rue de l'Espace De Schengen",NA,"Sèvres","FR",FALSE,2008-01-22 10:09:29,2002-06-01 00:00:00,"Hauts de Seine","92310","A67431A7-22EA-4AD4-B185-9B74BCB6905A","F8FD6D62-A913-4F10-9E42-D348EDA02BD9","#Error","92",178,178,7,1
"261",NA,264,"Stephanie","Conroy","A",2003-03-01,FALSE,"24757DC7-8E05-4DE0-920D-A1F4A60B30BA",NA,NA,2,29909,12926,"515 Wiget Lane",NA,"Olympia","US",FALSE,2008-01-25 00:00:00,2008-03-11 10:17:22,"Washington","98501","8E5F0861-D400-4FBB-BA4A-C55CDFDC1B01","16274DF0-6F05-43A6-BC18-AD171017A1EB","#Error","WA",79,79,1,1
"262",NA,265,"Ashvini","Sharma","R",2002-12-29,FALSE,"252A5641-6B19-4347-830F-E659BFC76AEF",NA,NA,1,29910,12936,"7068 Rock Drive",NA,"Lavender Bay","AU",FALSE,2006-12-19 00:00:00,2008-03-11 10:17:22,"New South Wales","2060","A773E3A7-0B08-4571-BECF-B92A040C27C9","9910DD7E-A4C5-4599-86F5-9F581B53A92D","#Error","NSW",50,50,9,1
"263",NA,266,"Peter","Connelly","I",2003-03-20,FALSE,"9D2546F7-7571-477D-AB76-532F0438EDDF",NA,NA,0,29923,12946,"8500 Byers Rd.",NA,"Port Macquarie","AU",FALSE,2006-11-30 00:00:00,2008-03-11 10:17:22,"New South Wales","2444","A70AD6B1-99C4-4005-8837-45BDAB270176","9910DD7E-A4C5-4599-86F5-9F581B53A92D","#Error","NSW",50,50,9,1
"264",NA,267,"Karen","Berg","A",2003-03-13,FALSE,"F2D24899-80B9-44F7-9B3B-63ACDEF3B505",NA,NA,0,29927,12956,"3748 Bellwood Dr.",NA,"Newcastle","AU",FALSE,2006-09-14 00:00:00,2008-03-11 10:17:22,"New South Wales","2300","70D12BC9-B6BF-4D30-A49D-0D6E0F5EA21B","9910DD7E-A4C5-4599-86F5-9F581B53A92D","#Error","NSW",50,50,9,1
"265",NA,268,"Ramesh","Meyyappan","V",2003-02-28,FALSE,"C69E8136-CBB5-48EB-84A0-59CE62920478",NA,NA,1,29935,12966,"5462 Patricia",NA,"Melbourne","AU",FALSE,2007-03-25 00:00:00,2008-03-11 10:17:22,"Victoria","3000","10C09D79-AD10-440A-A5DD-F63B0EC0904F","6A683928-8F1F-4369-A64A-60979E216824","#Error","VIC",77,77,9,1
"266",NA,269,"Dan","Bacon","K",2003-02-05,FALSE,"D9DA7900-703F-4CA6-92BD-5ED3A25C0455","Jr.",NA,0,29937,12976,"3245 Vista Oak Dr.",NA,"Port Orchard","US",FALSE,2007-08-08 00:00:00,2008-03-11 10:17:22,"Washington","98366","3499A501-4B10-4487-9312-383CA58FCD7F","16274DF0-6F05-43A6-BC18-AD171017A1EB","#Error","WA",79,79,1,1
"267",NA,271,"Dan","Wilson","B",2003-02-16,FALSE,"9F637D98-7182-4F6A-B68B-1BA9F2ECCB4D",NA,NA,0,29949,12996,"8042 Placer Dr.",NA,"Colma","US",FALSE,2008-04-09 00:00:00,2008-03-11 10:17:22,"California","94014","F7767BE6-7D30-4B47-8916-3E9BE0B95F94","3B2FF23C-1C75-40AE-9093-F4EB42263F4E","#Error","CA",9,9,4,1
"268",NA,272,"Janaina","Bueno","Barreiro Gambaro",2003-01-17,FALSE,"0204851C-3ECC-4968-8504-47706C350E3E",NA,NA,0,29956,13006,"9964 North Ridge Drive",NA,"Burien","US",FALSE,2007-12-07 00:00:00,2008-03-11 10:17:22,"Washington","98168","7C38EEBE-3597-45FC-8BCA-7EEADFF53FB5","16274DF0-6F05-43A6-BC18-AD171017A1EB","#Error","WA",79,79,1,1
"269",NA,273,"Brian","Welcker","S",2005-03-11,FALSE,"0950A366-1EEE-4516-86E0-6F2F94CE1046",NA,"Mr.",0,29968,13016,"Wertheimer Straße 822",NA,"Sulzbach Taunus","DE",FALSE,2008-06-27 00:00:00,2008-03-11 10:17:22,"Saarland","66272","E4E27372-C309-4D96-93C2-0EEEEAFB8C55","F555DD9E-A190-4DC4-9433-7FE257AA6E82","#Error","SL",70,70,8,1
"270",NA,274,"Stephen","Jiang","Y",2005-01-28,FALSE,"1F4062EC-0577-43DF-947A-EEE1E3D24C60",NA,NA,0,29973,13026,"2228 Ashford Court",NA,"Lavender Bay","AU",FALSE,2005-12-24 00:00:00,2008-03-11 10:17:22,"New South Wales","2060","D31B1874-5129-4290-ADEB-AAB4BC06C938","9910DD7E-A4C5-4599-86F5-9F581B53A92D","#Error","NSW",50,50,9,1
"271",NA,275,"Michael","Blythe","G",2005-06-24,FALSE,"250C3F67-B75F-4B0D-9BE2-DEB5825C8EEB",NA,NA,1,29981,13036,"9963 Pacific",NA,"Ballard","US",FALSE,2005-07-12 00:00:00,2008-03-11 10:17:22,"Washington","98107","68A3EDC3-116C-450C-970F-D374B71D4CE7","16274DF0-6F05-43A6-BC18-AD171017A1EB","#Error","WA",79,79,1,1
"272",NA,276,"Linda","Mitchell","C",2005-06-24,FALSE,"519A296E-CA91-450F-95C9-153459604147",NA,NA,0,29982,13046,"2487 Riverside Drive",NA,"Melbourne","AU",FALSE,2007-10-31 00:00:00,2008-03-11 10:17:22,"Victoria","3000","B232FCD0-6DFD-4D2B-852A-C446A7C993F1","6A683928-8F1F-4369-A64A-60979E216824","#Error","VIC",77,77,9,1
"273",NA,277,"Jillian","Carson",NA,2005-06-24,FALSE,"3C407F7D-2EA1-4749-8856-8C8EECF23AEA",NA,NA,1,29991,13056,"7859 Green Valley Road",NA,"London","GB",TRUE,2008-03-20 00:00:00,2008-03-11 10:17:22,"England","W1V 5RN","C7F3377B-BE45-4F04-8379-D8DD229ED416","3E3CB3F8-44B9-44D9-A1C3-CBFB11E0A7DA","#Error","ENG",14,14,10,1
"274",NA,278,"Garrett","Vargas","R",2005-06-24,FALSE,"6167A617-60E9-4212-9C40-BB471716776C",NA,NA,0,29999,13066,"782 West Way",NA,"York","GB",TRUE,2007-10-03 00:00:00,2008-03-11 10:17:22,"England","YO15","8A383C75-69EE-4086-AC83-08BA3F5710A1","3E3CB3F8-44B9-44D9-A1C3-CBFB11E0A7DA","#Error","ENG",14,14,10,1
"275",NA,279,"Tsvi","Reiter","Michael",2005-06-24,FALSE,"FCA35010-0144-4C4C-8245-D38E9FD4CCD2",NA,NA,1,30009,13076,"7481 Crown Ct.",NA,"Bellflower","US",FALSE,2007-08-17 00:00:00,2008-03-11 10:17:22,"California","90706","C1F4ED1C-D5DC-4076-A416-FB747CFD5371","3B2FF23C-1C75-40AE-9093-F4EB42263F4E","#Error","CA",9,9,4,1
"276",NA,280,"Pamela","Ansman-Wolfe","O",2005-06-24,FALSE,"8C8F5D47-E3F4-4577-BE7E-BC224431CF2B",NA,NA,1,30026,13086,"6897 Pome Court",NA,"Portland","US",FALSE,2007-09-21 00:00:00,2008-03-11 10:17:22,"Oregon","97205","89FA9A90-D6D9-4503-B54D-61134EAE9C80","17EBF52E-94C8-4E7B-9EF3-5B6236763B49","#Error","OR",58,58,1,1
"277",NA,281,"Shu","Ito","K",2005-06-24,FALSE,"CA87A053-6C5F-4F9B-8790-1D0AF332153A",NA,NA,2,30032,13096,"Herzogstr 5772",NA,"Offenbach","DE",FALSE,2006-12-12 00:00:00,2008-03-11 10:17:22,"Saarland","63009","A35F049B-0F3A-4BDB-BCF3-D649047F8C55","F555DD9E-A190-4DC4-9433-7FE257AA6E82","#Error","SL",70,70,8,1
"278",NA,282,"José","Saraiva","Edvaldo",2005-06-24,FALSE,"120C84EB-8A22-4E1F-8C2B-FF5F144FDB7D",NA,NA,0,30042,13106,"2798 Castlewood",NA,"Marysville","US",FALSE,2005-12-03 00:00:00,2008-03-11 10:17:22,"Washington","98270","3AD6F70F-DC9E-47C0-ABE4-C8B141B4E9D5","16274DF0-6F05-43A6-BC18-AD171017A1EB","#Error","WA",79,79,1,1
"279",NA,283,"David","Campbell","R",2005-06-24,FALSE,"6F44C8D9-E3D0-482C-87DC-CCEB09060F31",NA,NA,0,30043,13116,"Wasserstr 64",NA,"Saarbrücken","DE",FALSE,2007-08-11 00:00:00,2008-03-11 10:17:22,"Saarland","66001","F37289ED-4D9C-462E-96C8-213E95242207","F555DD9E-A190-4DC4-9433-7FE257AA6E82","#Error","SL",70,70,8,1
"280",NA,284,"Tete","Mensa-Annan","A",2006-10-25,FALSE,"F5BED54C-DF64-402C-93BD-7CFD1F79DEEE",NA,"Mr.",1,30054,13126,"7284 Adobe Dr.",NA,"Edmonds","US",FALSE,2008-03-28 00:00:00,2008-03-11 10:17:22,"Washington","98020","C26A5F09-4F17-4669-A916-3B798C16958D","16274DF0-6F05-43A6-BC18-AD171017A1EB","#Error","WA",79,79,1,1
"281",NA,285,"Syed","Abbas","E",2007-04-08,FALSE,"FF284881-01C2-4C77-95A7-4DB96F59BB70",NA,"Mr.",0,30055,13136,"7943 Walnut Ave",NA,"Chula Vista","US",FALSE,2006-07-27 00:00:00,2008-03-11 10:17:22,"California","91910","F08ED6C5-3070-480C-8788-F3BAB4E31EEB","3B2FF23C-1C75-40AE-9093-F4EB42263F4E","#Error","CA",9,9,4,1
"282",NA,286,"Lynn","Tsoflias","N",2007-06-24,FALSE,"EED57FDF-01BE-4770-A2AD-10F3349CF3DB",NA,NA,2,30070,13146,"Hauptstr 6057",NA,"München","DE",FALSE,2007-09-30 00:00:00,2008-03-11 10:17:22,"Nordrhein-Westfalen","80074","927A18E4-6E9D-4DB7-84F8-4ED6F2291910","C385B296-FBB7-44E1-9DED-23B7FBA346F0","#Error","NW",53,53,8,1
"283",NA,287,"Amy","Alberts","E",2006-05-11,FALSE,"0CCB2270-1C40-4E7D-9A09-0B29A94DA8B6",NA,NA,1,30084,13156,"6702 Smiling Tree Court",NA,"Burbank","US",FALSE,2008-07-17 00:00:00,2008-03-11 10:17:22,"California","91502","C4F053F2-C5D6-48D9-B30C-E4D8AAA75A6F","3B2FF23C-1C75-40AE-9093-F4EB42263F4E","#Error","CA",9,9,4,1
"284",NA,288,"Rachel","Valdez","B",2007-06-24,FALSE,"F28093ED-C889-43EB-BE88-37C9E147148C",NA,NA,0,30094,13166,"8624 Valley Blvd.",NA,"Newton","CA",FALSE,2008-01-31 00:00:00,2008-03-11 10:17:22,"British Columbia","V2M1P1","59D58022-512B-48B7-8C60-D6DA4BF06AD6","D27FCC6E-BB99-438B-BA86-285CEEB2FA53","#Error","BC",7,7,6,1
"285",NA,289,"Jae","Pak","B",2006-06-24,FALSE,"317764BC-A515-4C2B-9A82-8136B8EC538F",NA,NA,0,30108,13176,"8869 C Olivera Rd",NA,"Leeds","GB",TRUE,2006-10-28 00:00:00,2008-03-11 10:17:22,"England","LE18","E3644340-9CDC-4A07-9D85-266DB4D8762E","3E3CB3F8-44B9-44D9-A1C3-CBFB11E0A7DA","#Error","ENG",14,14,10,1
"286",NA,290,"Ranjit","Varkey Chudukatil","R",2006-06-24,FALSE,"5F6547B3-A7A9-4B14-8895-4402150BD903",NA,NA,0,30114,13186,"9241 St George Dr.",NA,"Edmonds","US",FALSE,2007-12-04 00:00:00,2008-03-11 10:17:22,"Washington","98020","67EF2963-4000-4FE5-8426-44DEAB54CF53","16274DF0-6F05-43A6-BC18-AD171017A1EB","#Error","WA",79,79,1,1
